latitude,longitude
-36.9477,-63.3776
-37.1914,-63.0247
-37.4542,-62.6395
-37.6752,-62.3114
-37.8953,-61.9813
-38.1143,-61.6489
-38.3519,-61.2841
-38.5686,-60.9473
-38.7843,-60.6083
-38.9987,-60.2672
-39.2507,-59.8612
-39.4626,-59.5153
-39.6734,-59.1672
-39.883,-58.8167
-40.1102,-58.4318
-40.3173,-58.0765
-40.5417,-57.6862
-40.7461,-57.3261
-40.9493,-56.9636
-41.1512,-56.5987
-41.3517,-56.2315
-41.5689,-55.8281
-41.7666,-55.4559
-41.963,-55.0811
-42.158,-54.7039
-42.3517,-54.3242
-42.5439,-53.9419
-42.7346,-53.5573
-42.941,-53.1348
-43.1287,-52.745
-43.3148,-52.3526
-43.4995,-51.9576
-43.6826,-51.5599
-43.8642,-51.1598
-44.0605,-50.7204
-44.2387,-50.315
-44.4314,-49.8695
-44.6062,-49.4587
-44.7794,-49.0451
-44.951,-48.6289
-45.1208,-48.2101
-45.2889,-47.7887
-45.4704,-47.3259
-45.6349,-46.8989
-45.7975,-46.4694
-45.9584,-46.0371
-46.1175,-45.6023
-46.2748,-45.1647
-46.4302,-44.7245
-46.5975,-44.2414
-46.7489,-43.7959
-46.8983,-43.3477
-47.0459,-42.8967
-47.1914,-42.4433
-47.3479,-41.9457
-47.4893,-41.4868
-47.6287,-41.0253
-47.766,-40.5611
-47.9012,-40.0945
-48.0343,-39.6254
-48.1771,-39.1106
-48.3058,-38.6362
-48.4323,-38.1592
-48.5567,-37.6795
-48.6788,-37.1977
-48.7988,-36.7134
-48.9164,-36.2266
-49.0422,-35.693
-49.1553,-35.2008
-49.2659,-34.7068
-49.3742,-34.2105
-49.4897,-33.6664
-49.5931,-33.1653
-49.6941,-32.6622
-49.8016,-32.1106
-49.8976,-31.6029
-49.9911,-31.0931
-50.0823,-30.5809
-50.1788,-30.0205
-50.2647,-29.5044
-50.3556,-28.9393
-50.4362,-28.4193
-50.5143,-27.8975
-50.5899,-27.3738
-50.6694,-26.8004
-50.7396,-26.2733
-50.8132,-25.6963
-50.8779,-25.1659
-50.94,-24.6339
-50.9995,-24.1004
-51.0563,-23.5655
-51.1152,-22.9802
-51.1664,-22.4426
-51.215,-21.9038
-51.2608,-21.3638
-51.3039,-20.8228
-51.3443,-20.2808
-51.382,-19.7379
-51.42,-19.1443
-51.4519,-18.5994
-51.4811,-18.0538
-51.5076,-17.5074
-51.5313,-16.9605
-51.5522,-16.413
-51.5703,-15.8651
-51.5857,-15.3167
-51.5993,-14.7181
-51.6088,-14.1689
-51.6156,-13.6192
-51.6196,-13.0695
-51.6208,-12.5201
-51.6192,-11.9704
-51.6142,-11.371
-51.6068,-10.8218
-51.5966,-10.2727
-51.5836,-9.7238
-51.5678,-9.1752
-51.5493,-8.6272
-51.528,-8.0797
-51.5015,-7.4829
-51.4744,-6.9366
-51.4446,-6.3911
-51.4119,-5.8462
-51.3766,-5.3023
-51.3385,-4.7592
-51.2977,-4.2171
-51.2541,-3.6762
-51.2079,-3.1362
-51.1544,-2.5484
-51.1025,-2.011
-51.0479,-1.4748
-50.9907,-0.94
-50.9308,-0.4065
-50.8683,0.1257
-50.7971,0.7045
-50.7291,1.2333
-50.6585,1.7603
-50.5853,2.2858
-50.5095,2.8095
-50.4312,3.3316
-50.3429,3.899
-50.2593,4.417
-50.1732,4.9332
-50.0845,5.4475
-49.9935,5.9597
-49.8999,6.4698
-49.804,6.9779
-49.6965,7.5296
-49.5955,8.0333
-49.4921,8.5346
-49.3766,9.079
-49.2683,9.5756
-49.1577,10.0699
-49.0447,10.5619
-48.9294,11.0522
-48.8119,11.5395
-48.6811,12.0682
-48.559,12.5504
-48.4346,13.0302
-48.3081,13.5074
-48.1794,13.9822
-48.0485,14.4546
-47.9155,14.9244
-47.768,15.434
-47.6306,15.8985
-47.4913,16.3603
-47.3498,16.8195
-47.2062,17.2766
-47.0607,17.7307
-46.9133,18.1822
-46.75,18.6723
-46.5986,19.1182
-46.4451,19.5616
-46.2899,20.0023
-46.1327,20.4402
-45.9737,20.8756
-45.8129,21.3084
-45.6354,21.7776
-45.4708,22.2049
-45.3044,22.6295
-45.1364,23.0515
-44.9666,23.4708
-44.7794,23.9253
-44.6061,24.3391
-44.431,24.7506
-44.2543,25.1594
-44.0761,25.5655
-43.8962,25.9689
-43.7148,26.3698
-43.515,26.8042
-43.3304,27.1997
-43.1442,27.5927
-42.9565,27.9832
-42.7673,28.371
-42.5767,28.7565
-42.367,29.1742
-42.1734,29.5544
-41.9782,29.9323
-41.7818,30.3076
-41.5839,30.6806
-41.3847,31.051
-41.1842,31.4191
-40.9639,31.8179
-40.7607,32.1809
-40.5562,32.5416
-40.3503,32.9
-40.1432,33.256
-39.9349,33.6098
-39.7062,33.9932
-39.4954,34.3422
-39.2834,34.6889
-39.0703,35.0333
-38.8559,35.3756
-38.6404,35.7157
-38.4041,36.0841
-38.1863,36.4197
-37.9675,36.753
-37.7275,37.1143
-37.5064,37.4433
-37.2843,37.7701
-37.0611,38.0949
-36.8369,38.4177
-36.6118,38.7384
-36.365,39.086
-36.1378,39.4025
-35.9097,39.7171
-35.6806,40.0298
-35.4506,40.3404
-35.2196,40.6492
-34.9665,40.9842
-34.7336,41.2891
-34.4999,41.5922
-34.2653,41.8934
-34.0299,42.1929
-33.7936,42.4905
-33.5563,42.7866
-33.2968,43.1073
-33.0579,43.3997
-32.8183,43.6903
-32.5779,43.979
-32.3367,44.2663
-32.0949,44.5518
-31.8301,44.8614
-31.5865,45.1437
-31.3423,45.4242
-31.0974,45.7032
-30.8519,45.9806
-30.6056,46.2565
-30.3586,46.5309
-30.0884,46.8285
-29.8397,47.1001
-29.5907,47.3698
-29.3411,47.6382
-29.0907,47.9051
-28.8398,48.1706
-28.5654,48.4587
-28.3132,48.7213
-28.0603,48.9827
-27.8069,49.2426
-27.553,49.5013
-27.2753,49.7819
-27.02,50.038
-26.7643,50.2926
-26.5081,50.546
-26.2513,50.7982
-25.9706,51.072
-25.7128,51.3216
-25.4309,51.5927
-25.172,51.8398
-24.9126,52.0859
-24.6527,52.3309
-24.3923,52.5747
-24.1077,52.8395
-23.8463,53.0811
-23.5845,53.3216
-23.3222,53.5611
-23.0595,53.7995
-22.7964,54.0369
-22.5089,54.2947
-22.2449,54.53
-21.9805,54.7644
-21.7156,54.9978
-21.4504,55.2303
-21.1607,55.4828
-20.8947,55.7133
-20.6284,55.9429
-20.3616,56.1716
-20.0702,56.4202
-19.8026,56.6471
-19.5348,56.8733
-19.2666,57.0986
-18.998,57.323
-18.7047,57.567
-18.4354,57.7899
-18.1659,58.0119
-17.896,58.2333
-17.6258,58.4539
-17.3307,58.6936
-17.0599,58.9127
-16.7888,59.1311
-16.5174,59.3487
-16.2457,59.5658
-15.9738,59.7821
-15.6768,60.0175
-15.4043,60.2325
-15.1315,60.4469
-14.8586,60.6606
-14.5854,60.8737
-14.2871,61.1056
-14.0133,61.3176
-13.7394,61.529
-13.4653,61.7398
-13.1909,61.9501
-12.9163,62.1599
-12.6165,62.3882
-12.3415,62.5969
-12.0412,62.8241
-11.7658,63.0318
-11.4902,63.2391
-11.2144,63.4459
-10.9133,63.6711
-10.6371,63.877
-10.3607,64.0825
-10.0842,64.2876
-9.8076,64.4923
-9.5307,64.6967
-9.2537,64.9007
-8.9515,65.1228
-8.6742,65.3261
-8.3968,65.5289
-8.1193,65.7315
-7.8416,65.9338
-7.5639,66.1358
-7.286,66.3374
-6.9826,66.5572
-6.7045,66.7583
-6.4262,66.9592
-6.1479,67.1598
-5.8695,67.3602
-5.591,67.5604
-5.3124,67.7604
-5.0083,67.9783
-4.7295,68.1779
-4.4507,68.3772
-4.1718,68.5764
-3.8928,68.7755
-3.6138,68.9744
-3.3348,69.1731
-3.0556,69.3717
-2.751,69.5884
-2.4718,69.7868
-2.1925,69.9851
-1.9131,70.1834
-1.6085,70.3995
-1.3291,70.5976
-1.0497,70.7957
-0.7703,70.9937
-0.4908,71.1917
-0.2114,71.3897
0.0681,71.5877
0.3476,71.7857
0.6524,72.0017
0.9318,72.1997
1.2113,72.3978
1.4907,72.5959
1.7701,72.7941
2.0748,73.0104
2.3542,73.2087
2.6338,73.4073
2.9131,73.6058
3.1923,73.8044
3.5476,74.0574
3.8267,74.2564
4.1056,74.4553
4.3848,74.6547
4.6638,74.8541
4.9427,75.0537
5.2217,75.2536
5.5258,75.4718
5.8045,75.672
6.083,75.8724
6.3614,76.0731
6.6398,76.274
6.918,76.4751
7.2214,76.6948
7.4994,76.8964
7.7772,77.0984
8.055,77.3007
8.3327,77.5033
8.6103,77.7063
8.8877,77.9096
9.1902,78.1317
9.4674,78.3357
9.7444,78.5401
10.0212,78.7448
10.2979,78.95
10.5996,79.1742
10.8759,79.3802
11.152,79.5866
11.4282,79.7936
11.7041,80.0009
11.9797,80.2087
12.2801,80.4358
12.5553,80.6446
12.8302,80.8537
13.105,81.0635
13.3796,81.2738
13.654,81.4846
13.9282,81.6959
14.2269,81.9271
14.5007,82.1396
14.7742,82.3528
15.0473,82.5665
15.3203,82.7808
15.593,82.9957
15.8654,83.2113
16.1624,83.4473
16.4343,83.6642
16.706,83.8818
16.9773,84.1002
17.2484,84.3191
17.5191,84.5389
17.7896,84.7593
18.0844,85.0007
18.3542,85.2227
18.6237,85.4454
18.8929,85.669
19.1619,85.8934
19.4304,86.1186
19.7229,86.3651
19.9908,86.592
20.2583,86.8198
20.5253,87.0483
20.7922,87.2779
21.0827,87.5292
21.3486,87.7606
21.6142,87.993
21.8794,88.2262
22.1443,88.4605
22.4087,88.6956
22.6726,88.9318
22.9601,89.1905
23.2231,89.4288
23.4858,89.6681
23.7481,89.9085
24.0098,90.1499
24.2711,90.3924
24.532,90.636
24.8159,90.9029
25.0758,91.1489
25.3351,91.3959
25.594,91.6442
25.8524,91.8935
26.1102,92.1441
26.3909,92.4189
26.6477,92.6721
26.9039,92.9265
27.1595,93.1821
27.4146,93.439
27.6692,93.6973
27.9232,93.9568
28.1995,94.2414
28.4524,94.5038
28.7045,94.7675
28.956,95.0326
29.2069,95.2991
29.48,95.5915
29.7297,95.8611
29.9787,96.132
30.2269,96.4045
30.4746,96.6784
30.7215,96.9538
30.9678,97.2308
31.2357,97.5347
31.4804,97.815
31.7245,98.0968
31.968,98.3803
32.2106,98.6654
32.4525,98.9522
32.7155,99.2669
32.9557,99.5571
33.1951,99.849
33.4338,100.1426
33.6716,100.438
33.9087,100.7352
34.1449,101.0342
34.4016,101.3625
34.636,101.6652
34.8695,101.9698
35.1021,102.2761
35.3339,102.5845
35.5647,102.8947
35.8154,103.2353
36.0443,103.5496
36.2723,103.8659
36.4992,104.1841
36.7252,104.5043
36.9502,104.8266
37.1945,105.1805
37.4377,105.5369
37.6594,105.8657
37.88,106.1966
38.0997,106.5297
38.3182,106.8649
38.5554,107.233
38.7716,107.5727
38.9867,107.9146
39.2007,108.2589
39.4136,108.6056
39.6252,108.9542
39.8546,109.3371
40.0637,109.6905
40.2718,110.0466
40.4784,110.4047
40.6837,110.7651
40.8878,111.1279
41.109,111.5264
41.3103,111.8942
41.5104,112.2645
41.709,112.6371
41.9064,113.0122
42.1023,113.3898
42.3144,113.8045
42.5073,114.1872
42.6988,114.5724
42.8889,114.9601
43.0774,115.3504
43.2644,115.7431
43.4668,116.1746
43.6507,116.573
43.8331,116.9737
44.0138,117.377
44.1929,117.7829
44.3704,118.1914
44.5462,118.6025
44.7362,119.054
44.9086,119.4706
45.0793,119.8899
45.2482,120.3118
45.4154,120.7362
45.5809,121.1636
45.7594,121.6327
45.9211,122.0654
46.081,122.5006
46.239,122.9387
46.3952,123.3793
46.5634,123.8631
46.7156,124.3093
46.8659,124.758
47.0142,125.2096
47.1606,125.6636
47.3049,126.1204
47.4601,126.6215
47.6002,127.0836
47.7382,127.5483
47.8742,128.0156
48.008,128.4855
48.1398,128.9579
48.281,129.476
48.4083,129.9537
48.5333,130.4339
48.6562,130.9165
48.7768,131.4016
48.8952,131.889
49.0217,132.4235
49.1353,132.916
49.2466,133.4109
49.3556,133.9079
49.4622,134.4073
49.5758,134.9547
49.6774,135.4588
49.7767,135.9652
49.8737,136.4744
49.9681,136.985
50.06,137.4977
50.1575,138.0597
50.2442,138.5764
50.3284,139.095
50.4101,139.6156
50.4892,140.138
50.5658,140.6623
50.6397,141.1883
50.7175,141.7639
50.7861,142.2935
50.852,142.8247
50.9153,143.3572
50.976,143.8915
51.034,144.4272
51.0942,145.0131
51.1466,145.5514
51.1963,146.091
51.2433,146.6316
51.2875,147.1735
51.3291,147.7164
51.3713,148.3099
51.4071,148.8548
51.443,149.4503
51.4731,149.9969
51.5004,150.5442
51.5249,151.0921
51.5466,151.6406
51.5656,152.1897
51.5831,152.7892
51.5962,153.3391
51.6065,153.8892
51.614,154.4396
51.6188,154.9903
51.6207,155.5409
51.6196,156.1416
51.6157,156.6923
51.609,157.2427
51.5995,157.793
51.5872,158.343
51.5721,158.8926
51.5525,159.4916
51.5315,160.0404
51.5078,160.5885
51.4814,161.1359
51.4521,161.6826
51.4201,162.2287
51.3821,162.8233
51.3443,163.3675
51.3039,163.9107
51.2606,164.4528
51.2147,164.9939
51.1615,165.5828
51.1099,166.122
51.0556,166.6592
50.9987,167.1952
50.939,167.7298
50.871,168.3113
50.8058,168.8425
50.7381,169.3724
50.6677,169.9005
50.5948,170.4269
50.5123,170.9992
50.4339,171.522
50.3531,172.0428
50.2697,172.5619
50.1837,173.0791
50.0953,173.5943
50.0044,174.1074
49.9024,174.6649
49.8064,175.1737
49.7079,175.6804
49.607,176.1849
49.5038,176.6872
49.3981,177.1873
49.2802,177.7302
49.1697,178.2255
49.0568,178.7185
48.9417,179.209
48.8243,179.6971
48.7047,-179.8172
48.5716,-179.29
48.4473,-178.8094
48.3208,-178.3313
48.1921,-177.8557
48.0613,-177.3825
47.9284,-176.9119
47.781,-176.4014
47.6437,-175.9362
47.5043,-175.4736
47.3629,-175.0136
47.2195,-174.5562
47.0741,-174.1014
46.9132,-173.6083
46.7637,-173.1591
46.6122,-172.7124
46.4588,-172.2684
46.3035,-171.827
46.1464,-171.3883
45.9728,-170.9127
45.8118,-170.4795
45.6491,-170.049
45.4845,-169.621
45.3181,-169.1959
45.15,-168.7732
44.9802,-168.3533
44.793,-167.898
44.6196,-167.4835
44.4446,-167.0716
44.2679,-166.6623
44.0895,-166.2555
43.9097,-165.8516
43.7116,-165.4136
43.5283,-165.0149
43.3436,-164.6189
43.1574,-164.2253
42.9696,-163.8343
42.7803,-163.4457
42.5895,-163.0596
42.3798,-162.6414
42.1861,-162.2607
41.991,-161.8825
41.7945,-161.5068
41.5966,-161.1335
41.3792,-160.7291
41.1786,-160.3609
40.9766,-159.9951
40.7733,-159.6317
40.5687,-159.2706
40.3441,-158.8793
40.1368,-158.5231
39.9284,-158.1692
39.7187,-157.8177
39.5079,-157.4684
39.2957,-157.1212
39.0825,-156.7764
38.8486,-156.4029
38.633,-156.0627
38.4161,-155.7245
38.1983,-155.3888
37.9795,-155.0552
37.7595,-154.7237
37.5385,-154.3943
37.2961,-154.0373
37.073,-153.7123
36.8488,-153.3893
36.6236,-153.0683
36.3974,-152.7494
36.1703,-152.4324
35.9213,-152.0887
35.6922,-151.7759
35.4622,-151.4651
35.2312,-151.1561
34.9994,-150.849
34.7455,-150.5163
34.5118,-150.2131
34.2773,-149.9118
34.0419,-149.6123
33.8057,-149.3145
33.5686,-149.0185
33.309,-148.6976
33.0702,-148.4052
32.8305,-148.1145
32.5902,-147.8256
32.3491,-147.5383
32.1072,-147.2526
31.8426,-146.943
31.5991,-146.6607
31.355,-146.3801
31.1102,-146.1011
30.8646,-145.8236
30.6182,-145.5475
30.3489,-145.2482
30.1012,-144.9755
29.8529,-144.7042
29.604,-144.4344
29.3544,-144.166
29.0814,-143.8749
28.8305,-143.6095
28.5791,-143.3455
28.3269,-143.0828
28.0742,-142.8215
27.7978,-142.538
27.5438,-142.2795
27.2893,-142.0222
27.0343,-141.7663
26.7555,-141.4886
26.4993,-141.2353
26.2426,-140.9833
25.9855,-140.7325
25.7277,-140.4828
25.4695,-140.2344
25.1872,-139.9647
24.9279,-139.7187
24.6682,-139.4738
24.3844,-139.2079
24.1237,-138.9654
23.8626,-138.724
23.5772,-138.4618
23.3151,-138.2225
23.0525,-137.9843
22.7896,-137.7471
22.5262,-137.5109
22.2385,-137.2544
21.9742,-137.0202
21.6615,-136.7448
21.3964,-136.5127
21.1309,-136.2816
20.8651,-136.0514
20.5747,-135.8012
20.3081,-135.5729
20.0411,-135.3454
19.7738,-135.1188
19.5061,-134.8929
19.2381,-134.6679
18.9454,-134.4235
18.6767,-134.2002
18.4076,-133.9776
18.1383,-133.7558
17.8686,-133.5348
17.5986,-133.3145
17.3284,-133.095
17.0332,-132.8562
16.7615,-132.6375
16.4903,-132.4201
16.219,-132.2035
15.9473,-131.9874
15.6753,-131.772
15.3784,-131.5378
15.1059,-131.3237
14.8332,-131.1103
14.5603,-130.8975
14.2871,-130.6852
14.0137,-130.4735
13.7151,-130.2431
13.4412,-130.0326
13.1671,-129.8226
12.8928,-129.6131
12.6184,-129.4041
12.3437,-129.1957
12.0689,-128.9878
11.7688,-128.7615
11.4936,-128.5545
11.2182,-128.348
10.9425,-128.1419
10.6667,-127.9362
10.3908,-127.7309
10.0894,-127.5074
9.8131,-127.303
9.5367,-127.0989
9.2601,-126.8952
8.9833,-126.6919
8.7065,-126.4889
8.4042,-126.2679
8.127,-126.0655
7.8499,-125.8636
7.5725,-125.662
7.295,-125.4606
7.0174,-125.2595
6.7398,-125.0587
6.4367,-124.84
6.1589,-124.6397
5.8807,-124.4395
5.6027,-124.2397
5.3246,-124.0402
5.0464,-123.8408
4.7428,-123.6235
4.4645,-123.4245
4.186,-123.2256
3.9075,-123.027
3.6037,-122.8104
3.325,-122.612
3.0463,-122.4137
2.7676,-122.2156
2.4635,-121.9995
2.1847,-121.8016
1.9059,-121.6037
1.627,-121.4059
1.348,-121.2081
1.0691,-121.0104
0.7902,-120.8128
0.4859,-120.5972
0.2071,-120.3997
-0.0719,-120.2021
-0.3508,-120.0046
-0.6297,-119.807
-0.9089,-119.6092
-1.2131,-119.3936
-1.492,-119.1959
-1.7708,-118.9982
-2.0496,-118.8004
-2.3284,-118.6025
-2.6072,-118.4045
-2.8859,-118.2064
-3.1899,-117.9902
-3.4685,-117.792
-3.747,-117.5936
-4.0255,-117.395
-4.3038,-117.1963
-4.5823,-116.9974
-4.8859,-116.7803
-5.1641,-116.581
-5.4422,-116.3816
-5.7202,-116.1819
-5.9982,-115.9821
-6.3013,-115.7638
-6.5791,-115.5634
-6.8568,-115.3628
-7.1343,-115.162
-7.4118,-114.9608
-7.6891,-114.7594
-7.9915,-114.5394
-8.2686,-114.3374
-8.5456,-114.135
-8.8224,-113.9324
-9.099,-113.7294
-9.3756,-113.526
-9.6772,-113.3037
-9.9534,-113.0996
-10.2294,-112.8951
-10.5054,-112.6901
-10.7812,-112.4848
-11.0818,-112.2603
-11.3572,-112.0541
-11.6324,-111.8475
-11.9075,-111.6404
-12.1825,-111.4327
-12.4571,-111.2246
-12.7565,-110.9971
-13.0307,-110.788
-13.3047,-110.5785
-13.5791,-110.3679
-13.8527,-110.1572
-14.1262,-109.946
-14.4242,-109.7149
-14.697,-109.5025
-14.9696,-109.2895
-15.242,-109.0759
-15.5141,-108.8617
-15.7859,-108.647
-16.0823,-108.4119
-16.3536,-108.1957
-16.6246,-107.9789
-16.8954,-107.7614
-17.1659,-107.5431
-17.4361,-107.3242
-17.7305,-107.0846
-18.0001,-106.8642
-18.2694,-106.643
-18.5384,-106.4211
-18.807,-106.1984
-19.0754,-105.9749
-19.3677,-105.7301
-19.6354,-105.5049
-19.9027,-105.2788
-20.2182,-105.0106
-20.4847,-104.7828
-20.775,-104.5332
-21.0408,-104.3035
-21.3062,-104.0729
-21.5711,-103.8414
-21.8356,-103.609
-22.0998,-103.3756
-22.3636,-103.1412
-22.6509,-102.8845
-22.9138,-102.648
-23.1763,-102.4106
-23.4383,-102.1723
-23.6999,-101.9328
-23.9611,-101.6922
-24.2455,-101.4286
-24.5058,-101.1858
-24.7656,-100.9418
-25.0249,-100.6967
-25.2837,-100.4506
-25.542,-100.2033
-25.8232,-99.9322
-26.0805,-99.6824
-26.3372,-99.4314
-26.5934,-99.1793
-26.849,-98.9259
-27.1042,-98.6711
-27.3819,-98.3919
-27.6359,-98.1346
-27.8893,-97.8759
-28.1421,-97.616
-28.3943,-97.3547
-28.6459,-97.0921
-28.8969,-96.8281
-29.1701,-96.5384
-29.4199,-96.2715
-29.669,-96.0031
-29.9174,-95.7333
-30.1652,-95.462
-30.4124,-95.1892
-30.6812,-94.89
-30.9269,-94.6141
-31.1719,-94.3366
-31.4163,-94.0576
-31.6599,-93.777
-31.9028,-93.4948
-32.167,-93.1851
-32.4083,-92.8995
-32.6488,-92.6123
-32.8886,-92.3234
-33.1494,-92.0062
-33.3878,-91.7136
-33.6251,-91.4194
-33.8616,-91.1235
-34.1187,-90.7986
-34.3536,-90.4989
-34.5875,-90.1974
-34.8206,-89.8941
-35.0527,-89.589
-35.284,-89.282
-35.5354,-88.9448
-35.7648,-88.6338
-35.9933,-88.3208
-36.2208,-88.0059
-36.4474,-87.6891
-36.673,-87.3702
-36.8976,-87.0494
-37.1415,-86.697
-37.3641,-86.3718
-37.5856,-86.0447
-37.806,-85.7154
-38.0254,-85.384
-38.2637,-85.0198
-38.4808,-84.684
-38.6968,-84.3461
-38.9117,-84.0059
-39.1255,-83.6635
-39.3381,-83.3188
-39.5688,-82.9402
-39.779,-82.5909
-39.9879,-82.2393
-40.1957,-81.8854
-40.4022,-81.5291
-40.6075,-81.1706
-40.83,-80.7768
-41.0327,-80.4133
-41.234,-80.0473
-41.4341,-79.679
-41.6327,-79.3084
-41.8478,-78.9013
-42.0436,-78.5256
-42.238,-78.1474
-42.4311,-77.7667
-42.6226,-77.3835
-42.83,-76.9626
-43.0185,-76.5742
-43.2056,-76.1832
-43.3912,-75.7897
-43.5752,-75.3936
-43.7577,-74.9949
-43.955,-74.5573
-44.1342,-74.1533
-44.3118,-73.7468
-44.4878,-73.3375
-44.6621,-72.9258
-44.8347,-72.5114
-45.0212,-72.0562
-45.1904,-71.6363
-45.3578,-71.2139
-45.5234,-70.7887
-45.7021,-70.3219
-45.8641,-69.8912
-46.0243,-69.4579
-46.1826,-69.022
-46.339,-68.5834
-46.4936,-68.1422
-46.6463,-67.6984
-46.8107,-67.2112
-46.9594,-66.7619
-47.1061,-66.31
-47.2508,-65.8555
-47.3936,-65.3983
-47.5343,-64.9386
-47.6854,-64.4343
-47.8218,-63.9692
-47.9562,-63.5016
-48.0885,-63.0312
-48.2186,-62.5584
-48.3466,-62.0832
-48.4838,-61.562
-48.6072,-61.0814
-48.7284,-60.5986
-48.8474,-60.1133
-48.9642,-59.6257
-49.0786,-59.1356
-49.2009,-58.5983
-49.3106,-58.1033
-49.418,-57.6059
-49.5324,-57.0609
-49.6348,-56.5589
-49.7349,-56.0548
-49.8325,-55.5486
-49.9277,-55.0403
-50.0205,-54.5297
-50.1189,-53.9704
-50.2065,-53.4558
-50.2916,-52.9392
-50.3742,-52.4204
-50.4543,-51.8999
-50.5318,-51.3776
-50.6068,-50.8536
-50.6857,-50.28
-50.7553,-49.7524
-50.8223,-49.2232
-50.8866,-48.6925
-50.9484,-48.1603
-51.0074,-47.6267
-51.0689,-47.043
-51.1224,-46.5062
-51.1733,-45.9683
-51.2214,-45.4293
-51.2669,-44.8889
-51.3097,-44.3475
-51.3497,-43.8052
-51.3903,-43.2125
-51.4246,-42.6683
-51.4562,-42.1232
-51.485,-41.5774
-51.5133,-40.9813
-51.5363,-40.4341
-51.5566,-39.8863
-51.5741,-39.3375
-51.5888,-38.7889
-51.6008,-38.2397
-51.61,-37.6905
-51.6168,-37.0909
-51.6201,-36.5416
-51.6206,-35.992
-51.6184,-35.4424
-51.6134,-34.8929
-51.6047,-34.2936
-51.5938,-33.7447
-51.5802,-33.196
-51.5638,-32.6478
-51.5446,-32.0998
-51.5205,-31.5026
-51.4955,-30.9558
-51.4677,-30.4096
-51.4372,-29.8643
-51.404,-29.3196
-51.368,-28.7756
-51.3256,-28.1833
-51.2839,-27.6414
-51.2394,-27.1006
-51.1923,-26.5611
-51.1425,-26.0227
-51.0851,-25.4366
-51.0296,-24.9007
-50.9716,-24.3663
-50.9108,-23.8334
-50.8475,-23.302
-50.7815,-22.7721
-50.7001,-22.148
-50.6218,-21.5738
-50.5474,-21.0493
-50.4703,-20.5266
-50.3908,-20.0056
-50.3086,-19.4865
-50.224,-18.9693
-50.1288,-18.4073
-50.039,-17.8942
-49.9467,-17.3831
-49.8519,-16.874
-49.7548,-16.3671
-49.646,-15.8164
-49.5438,-15.314
-49.4391,-14.8136
-49.3322,-14.3157
-49.223,-13.8201
-49.1114,-13.3268
-48.987,-12.7909
-48.8706,-12.3025
-48.752,-11.8163
-48.6311,-11.3326
-48.508,-10.8514
-48.3713,-10.3294
-48.2436,-9.8534
-48.102,-9.337
-47.9699,-8.8662
-47.8356,-8.398
-47.6993,-7.9323
-47.5609,-7.4692
-47.4205,-7.0087
-47.278,-6.5507
-47.1203,-6.0539
-46.9737,-5.6014
-46.8115,-5.1108
-46.6608,-4.6639
-46.5082,-4.2195
-46.3537,-3.7778
-46.1973,-3.3386
-46.0246,-2.8626
-45.8644,-2.429
-45.7022,-1.9979
-45.5383,-1.5694
-45.3728,-1.1438
-45.2054,-0.7208
-45.0209,-0.2623
-44.8499,0.1553
-44.6772,0.5703
-44.5028,0.9828
-44.3107,1.4299
-44.1329,1.8368
-43.9536,2.241
-43.7725,2.6431
-43.59,3.0423
-43.4059,3.4389
-43.2034,3.8687
-43.0162,4.2599
-42.8274,4.6486
-42.6373,5.0348
-42.4457,5.4185
-42.2526,5.7997
-42.0404,6.2128
-41.8443,6.589
-41.6469,6.9626
-41.4482,7.3338
-41.2481,7.7025
-41.0467,8.0689
-40.8439,8.433
-40.6213,8.8274
-40.416,9.1864
-40.2093,9.5431
-40.0015,9.8975
-39.7733,10.2816
-39.5628,10.6313
-39.3512,10.9787
-39.1384,11.3239
-38.9244,11.6668
-38.7094,12.0075
-38.4932,12.346
-38.2561,12.7128
-38.0376,13.0469
-37.818,13.3788
-37.5974,13.7086
-37.3756,14.0363
-37.1326,14.3914
-36.9088,14.7148
-36.6839,15.0362
-36.4581,15.3556
-36.2313,15.673
-36.0034,15.9884
-35.7539,16.3303
-35.5241,16.6416
-35.2935,16.951
-35.0619,17.2586
-34.8295,17.5641
-34.5961,17.868
-34.3406,18.1973
-34.1054,18.4973
-33.8694,18.7955
-33.6327,19.0919
-33.395,19.3865
-33.1348,19.7061
-32.8955,19.9972
-32.6554,20.2865
-32.3925,20.6003
-32.1508,20.8862
-31.9083,21.1704
-31.5764,21.5555
-31.3322,21.8361
-31.0649,22.1403
-30.8193,22.4175
-30.5729,22.6931
-30.3259,22.9673
-30.0781,23.24
-29.8071,23.5358
-29.558,23.8054
-29.3082,24.0736
-29.0578,24.3403
-28.8068,24.6056
-28.5322,24.8936
-28.28,25.156
-28.0271,25.4171
-27.7736,25.6769
-27.5196,25.9353
-27.2651,26.1924
-27.0099,26.4483
-26.7308,26.7261
-26.4745,26.9793
-26.2177,27.2313
-25.9604,27.4821
-25.7025,27.7318
-25.4205,28.0028
-25.1616,28.2499
-24.9022,28.496
-24.6423,28.7409
-24.3819,28.9847
-24.121,29.2274
-23.8594,29.4692
-23.5736,29.7318
-23.3113,29.9712
-23.0486,30.2096
-22.7855,30.4469
-22.522,30.6833
-22.2581,30.9186
-21.9696,31.1743
-21.7046,31.4077
-21.4392,31.6403
-21.1737,31.8717
-20.9076,32.1024
-20.6412,32.332
-20.3503,32.5815
-20.0832,32.8093
-19.8156,33.0364
-19.5478,33.2625
-19.2796,33.4878
-19.0111,33.7124
-18.7178,33.9564
-18.4486,34.1792
-18.1791,34.4013
-17.9092,34.6226
-17.639,34.8433
-17.3686,35.0631
-17.0733,35.3021
-16.8021,35.5206
-16.5308,35.7383
-16.2592,35.9553
-15.9873,36.1717
-15.6904,36.4069
-15.418,36.6219
-15.1452,36.8364
-14.8722,37.0502
-14.5989,37.2634
-14.3254,37.4761
-14.0269,37.7073
-13.753,37.9187
-13.4788,38.1296
-13.2044,38.34
-12.9049,38.5688
-12.6301,38.7781
-12.3549,38.9869
-12.0796,39.1953
-11.8042,39.4031
-11.5286,39.6105
-11.2277,39.8362
-10.9516,40.0427
-10.6755,40.2486
-10.3991,40.4543
-10.1225,40.6595
-9.8208,40.8828
-9.5439,41.0872
-9.2669,41.2912
-8.9898,41.4949
-8.7126,41.6981
-8.4352,41.9011
-8.1577,42.1037
-7.8549,42.3244
-7.5771,42.5263
-7.2993,42.728
-7.0212,42.9295
-6.7431,43.1307
-6.4648,43.3316
-6.161,43.5506
-5.8825,43.7511
-5.6041,43.9512
-5.3254,44.1513
-5.0467,44.351
-4.768,44.5506
-4.4638,44.7681
-4.1849,44.9673
-3.9059,45.1664
-3.6269,45.3652
-3.3478,45.564
-3.0687,45.7627
-2.7641,45.9793
-2.4849,46.1776
-2.2057,46.376
-1.9264,46.5742
-1.6471,46.7723
-1.3424,46.9884
-1.063,47.1865
-0.7836,47.3845
-0.5042,47.5825
-0.2248,47.7805
0.0547,47.9785
0.3596,48.1944
0.639,48.3924
0.9184,48.5904
1.1978,48.7885
1.4772,48.9866
1.782,49.2028
2.0613,49.401
2.3405,49.5992
2.6197,49.7976
2.9243,50.0141
3.2035,50.2127
3.4826,50.4114
3.7872,50.6284
4.0662,50.8274
4.3452,51.0266
4.6241,51.2259
4.9283,51.4436
5.2071,51.6434
5.4858,51.8433
5.7644,52.0434
6.043,52.2438
6.3214,52.4445
6.5998,52.6453
6.9033,52.8647
7.1815,53.0661
7.4595,53.2677
7.7374,53.4697
8.0152,53.6719
8.2928,53.8744
8.5955,54.0957
8.8729,54.2989
9.1502,54.5025
9.4274,54.7065
9.7043,54.9107
9.9811,55.1154
10.2577,55.3204
10.5594,55.5446
10.8358,55.7505
11.112,55.9569
11.388,56.1637
11.6638,56.3708
11.9645,56.5975
12.24,56.8057
12.5152,57.0143
12.7902,57.2235
13.0651,57.4332
13.3397,57.6434
13.6141,57.8541
13.9132,58.0846
14.1873,58.2966
14.461,58.5091
14.7344,58.722
15.0077,58.9356
15.2806,59.1499
15.5534,59.3647
15.8258,59.5802
16.1228,59.8159
16.3947,60.0328
16.6664,60.2503
16.9378,60.4686
17.2089,60.6875
17.4797,60.9071
17.7502,61.1274
18.0205,61.3485
18.3152,61.5907
18.5847,61.8134
18.854,62.0369
19.123,62.2611
19.3915,62.4862
19.6598,62.712
19.952,62.9593
20.2195,63.1869
20.4867,63.4154
20.7535,63.6448
21.02,63.8751
21.286,64.1063
21.5758,64.3595
21.8411,64.5927
22.106,64.8268
22.3705,65.0618
22.6345,65.2979
22.8981,65.5349
23.1615,65.773
23.4482,66.034
23.7105,66.2742
23.973,66.5163
24.2345,66.7587
24.4954,67.0022
24.7559,67.2467
25.0159,67.4924
25.299,67.7618
25.558,68.0099
25.8165,68.2593
26.0744,68.5096
26.3318,68.7612
26.5887,69.0142
26.8683,69.2915
27.1242,69.547
27.3794,69.8039
27.6341,70.0619
27.8882,70.3213
28.1418,70.5822
28.4178,70.8682
28.67,71.1318
28.9217,71.3967
29.1727,71.6631
29.4232,71.9309
29.6729,72.2
29.9221,72.4707
30.1932,72.7677
30.4409,73.0414
30.688,73.3167
30.9344,73.5935
31.1801,73.8719
31.425,74.1517
31.6693,74.4332
31.9349,74.742
32.1777,75.027
32.4196,75.3134
32.6608,75.6016
32.9014,75.8916
33.141,76.1831
33.4016,76.5032
33.6395,76.7983
33.8766,77.0953
34.1129,77.394
34.3484,77.6944
34.6046,78.0248
34.8383,78.3292
35.0711,78.6355
35.303,78.9436
35.534,79.2536
35.7641,79.5655
35.9931,79.8793
36.2419,80.2239
36.4691,80.542
36.6953,80.862
36.9204,81.184
37.1447,81.5083
37.3679,81.8345
37.59,82.1626
37.831,82.523
38.0508,82.8556
38.2696,83.1903
38.4873,83.5271
38.7039,83.8662
38.9194,84.2076
39.1532,84.5824
39.3662,84.9283
39.5781,85.2765
39.7887,85.6269
39.9982,85.9796
40.2065,86.3346
40.4136,86.6921
40.6193,87.0518
40.8423,87.4469
41.0454,87.8115
41.2472,88.1786
41.4476,88.5479
41.6466,88.9197
41.8444,89.2941
42.0585,89.7051
42.2533,90.0846
42.4467,90.4665
42.656,90.8861
42.8464,91.2733
43.0354,91.6631
43.2228,92.0554
43.4087,92.4503
43.5931,92.8476
43.7925,93.2841
43.9736,93.6869
44.1532,94.0925
44.3311,94.5005
44.5073,94.9111
44.6819,95.3243
44.8548,95.74
45.0415,96.1967
45.2109,96.618
45.3785,97.0419
45.5443,97.4684
45.7084,97.8977
45.8707,98.3296
46.0457,98.804
46.2042,99.2415
46.3608,99.6816
46.5155,100.1244
46.6683,100.5697
46.8192,101.0177
46.9816,101.5094
47.1284,101.9629
47.2731,102.419
47.416,102.8781
47.5568,103.3394
47.6955,103.8033
47.8321,104.2699
47.9787,104.7817
48.1109,105.2535
48.241,105.728
48.369,106.2049
48.4947,106.6843
48.6183,107.1663
48.7505,107.6948
48.8694,108.1818
48.986,108.6713
49.1004,109.1634
49.2126,109.658
49.3223,110.1545
49.4297,110.6534
49.5441,111.2001
49.6465,111.7036
49.7465,112.2092
49.8441,112.7169
49.9392,113.2267
50.0319,113.7387
50.1302,114.2996
50.2177,114.8158
50.3027,115.3339
50.3851,115.854
50.4651,116.376
50.5424,116.8998
50.6172,117.4253
50.6959,118.0004
50.7652,118.5294
50.832,119.0602
50.8961,119.5924
50.9576,120.1262
51.0164,120.6613
51.0776,121.2466
51.1308,121.7845
51.1813,122.3236
51.2291,122.864
51.2743,123.4056
51.3204,123.9975
51.3598,124.5411
51.3964,125.0857
51.4304,125.6312
51.4642,126.2272
51.4924,126.7744
51.5177,127.3223
51.5403,127.8706
51.5602,128.4196
51.5772,128.969
51.5926,129.5688
51.6038,130.1189
51.6122,130.6693
51.6178,131.22
51.6206,131.7707
51.6206,132.3213
51.6174,132.922
51.6116,133.4724
51.6029,134.0226
51.5915,134.5729
51.5758,135.1726
51.5586,135.722
51.5385,136.2708
51.5157,136.8191
51.4901,137.3667
51.4617,137.9137
51.4306,138.46
51.3934,139.055
51.3565,139.5995
51.3169,140.1432
51.2745,140.6856
51.2294,141.2272
51.1771,141.8166
51.1264,142.3555
51.0729,142.8933
51.0168,143.4298
50.958,143.9647
50.8966,144.4983
50.8325,145.0303
50.7596,145.609
50.69,146.1378
50.6178,146.6648
50.5431,147.1903
50.4657,147.7139
50.3859,148.2356
50.2958,148.8028
50.2107,149.3206
50.123,149.8365
50.0328,150.3502
49.9402,150.8619
49.8452,151.3716
49.7387,151.9252
49.6385,152.4305
49.536,152.9335
49.4311,153.4343
49.3238,153.9329
49.2041,154.4743
49.0919,154.9679
48.9775,155.4592
48.8608,155.9482
48.7418,156.4347
48.6206,156.9187
48.4971,157.4005
48.36,157.9233
48.232,158.3996
48.1018,158.8736
47.9695,159.3451
47.8351,159.814
47.6986,160.2802
47.56,160.744
47.4065,161.2468
47.2636,161.7052
47.1188,162.1608
46.972,162.6139
46.8232,163.0643
46.6725,163.5121
46.5198,163.9573
46.3511,164.4398
46.1946,164.8793
46.0361,165.3162
45.8758,165.7506
45.7137,166.1822
45.5498,166.6112
45.3841,167.0375
45.2014,167.4996
45.0321,167.9204
44.8611,168.3385
44.6884,168.7541
44.5139,169.1671
44.3379,169.5774
44.144,170.0219
43.9646,170.4268
43.7836,170.8291
43.6009,171.229
43.4168,171.6261
43.2312,172.0206
43.044,172.4125
42.8381,172.8373
42.6477,173.2243
42.456,173.6085
42.2628,173.9903
42.0681,174.3696
41.8722,174.7464
41.6748,175.1208
41.4579,175.5263
41.2577,175.8956
41.0562,176.2623
40.8534,176.6267
40.6493,176.9887
40.444,177.3484
40.2184,177.7382
40.0104,178.093
39.8013,178.4454
39.5908,178.7957
39.3793,179.1435
39.1665,179.4892
38.9331,179.8637
38.718,-179.7953
38.5017,-179.4566
38.2844,-179.1199
38.0658,-178.7854
37.8462,-178.4528
37.6055,-178.0927
37.3838,-177.7649
37.161,-177.439
36.9372,-177.1153
36.7125,-176.7936
36.4661,-176.4449
36.2393,-176.1274
36.0115,-175.8118
35.7823,-175.4977
35.5107,-175.1295
35.2799,-174.82
35.0482,-174.5125
34.7944,-174.1792
34.5608,-173.8755
34.3265,-173.5738
34.0912,-173.2738
33.8551,-172.9757
33.6181,-172.6792
33.3587,-172.3578
33.12,-172.065
32.8806,-171.7741
32.6404,-171.4848
32.3995,-171.1971
32.1577,-170.9112
31.8932,-170.601
31.6499,-170.3184
31.4059,-170.0375
31.1612,-169.7581
30.9157,-169.4802
30.6696,-169.204
30.3778,-168.8794
30.1302,-168.6065
29.8594,-168.3104
29.6104,-168.0405
29.3609,-167.7721
29.1107,-167.5051
28.8599,-167.2396
28.5855,-166.9514
28.3334,-166.6887
28.0807,-166.4274
27.8274,-166.1674
27.5735,-165.9087
27.319,-165.6513
27.064,-165.3952
26.7853,-165.1173
26.5292,-164.8639
26.2725,-164.6117
26.0154,-164.3608
25.7577,-164.111
25.4995,-163.8624
25.2172,-163.5924
24.9578,-163.3461
24.6968,-163.0999
24.4366,-162.8559
24.176,-162.6131
23.8911,-162.3494
23.6294,-162.1088
23.3673,-161.8693
23.081,-161.6092
22.8178,-161.3717
22.5305,-161.1139
22.2667,-160.8787
22.0025,-160.6444
21.7377,-160.411
21.4727,-160.1786
21.2073,-159.9472
20.9174,-159.6958
20.6513,-159.4663
20.3848,-159.2377
20.1179,-159.01
19.8506,-158.783
19.5831,-158.557
19.3151,-158.3317
19.0224,-158.0869
18.7537,-157.8633
18.4847,-157.6405
18.2155,-157.4186
17.946,-157.1974
17.6761,-156.9769
17.3814,-156.7372
17.1109,-156.5182
16.8401,-156.3
16.5691,-156.0824
16.2978,-155.8656
16.0015,-155.6297
15.7296,-155.4142
15.4575,-155.1993
15.1849,-154.985
14.9123,-154.7714
14.6393,-154.5583
14.3414,-154.3266
14.068,-154.1147
13.7944,-153.9035
13.5206,-153.6928
13.2465,-153.4826
12.9722,-153.2729
12.6978,-153.0638
12.3982,-152.8363
12.1233,-152.6282
11.8482,-152.4205
11.573,-152.2134
11.2975,-152.0067
11.0219,-151.8004
10.721,-151.5759
10.4451,-151.3706
10.1688,-151.1655
9.8925,-150.9609
9.616,-150.7567
9.3395,-150.553
9.0628,-150.3495
8.7608,-150.128
8.4838,-149.9253
8.2067,-149.7229
7.9295,-149.5209
7.6521,-149.3191
7.3494,-149.0993
7.0718,-148.8982
6.7941,-148.6973
6.5161,-148.4965
6.2382,-148.2962
5.9602,-148.096
5.6821,-147.8961
5.3786,-147.6782
5.1003,-147.4787
4.8221,-147.2795
4.5437,-147.0804
4.2652,-146.8815
3.9867,-146.6827
3.6827,-146.4661
3.4039,-146.2674
3.1252,-146.0692
2.8464,-145.8709
2.5676,-145.6728
2.2887,-145.4747
2.0098,-145.2768
1.7055,-145.0609
1.4265,-144.8631
1.1476,-144.6654
0.8687,-144.4677
0.5897,-144.2701
0.3108,-144.0725
0.0064,-143.857
-0.2725,-143.6593
-0.5515,-143.4618
-0.8304,-143.2642
-1.1093,-143.0665
-1.3882,-142.8689
-1.6924,-142.6532
-1.9713,-142.4553
-2.2501,-142.2575
-2.5289,-142.0595
-2.8076,-141.8614
-3.0864,-141.6633
-3.3904,-141.4469
-3.669,-141.2486
-3.9475,-141.05
-4.2259,-140.8514
-4.5045,-140.6524
-4.7829,-140.4534
-5.0611,-140.2542
-5.3646,-140.0367
-5.6427,-139.8371
-5.9206,-139.6373
-6.1986,-139.4372
-6.4764,-139.237
-6.7541,-139.0365
-7.057,-138.8174
-7.3345,-138.6164
-7.6119,-138.415
-7.8891,-138.2134
-8.1663,-138.0114
-8.4434,-137.8092
-8.7454,-137.5882
-9.0221,-137.3853
-9.2987,-137.182
-9.5752,-136.9783
-9.8516,-136.7743
-10.1277,-136.5699
-10.4037,-136.3651
-10.6795,-136.16
-10.9804,-135.9356
-11.2559,-135.7295
-11.5313,-135.5229
-11.8065,-135.3159
-12.0814,-135.1085
-12.3565,-134.9004
-12.6311,-134.692
-12.9304,-134.4641
-13.2045,-134.2547
-13.4784,-134.0447
-13.752,-133.8343
-14.0256,-133.6232
-14.2989,-133.4116
-14.5967,-133.1801
-14.8694,-132.9673
-15.142,-132.7539
-15.4142,-132.5399
-15.6862,-132.3253
-15.958,-132.1101
-16.2296,-131.8941
-16.5254,-131.6579
-16.7964,-131.4405
-17.0672,-131.2224
-17.3375,-131.0037
-17.6076,-130.7843
-17.8774,-130.5642
-18.1468,-130.3433
-18.4404,-130.1016
-18.7092,-129.8791
-18.9776,-129.6559
-19.2457,-129.4319
-19.5135,-129.2071
-19.781,-128.9814
-20.0481,-128.7549
-20.3391,-128.5069
-20.6055,-128.2786
-20.8716,-128.0494
-21.1372,-127.8194
-21.4025,-127.5884
-21.6674,-127.3565
-21.9317,-127.1238
-22.2198,-126.8687
-22.4834,-126.6339
-22.7466,-126.3981
-23.0093,-126.1613
-23.2717,-125.9235
-23.5336,-125.6848
-23.8188,-125.423
-24.0798,-125.182
-24.3403,-124.9399
-24.6004,-124.6966
-24.8836,-124.43
-25.1427,-124.1845
-25.4012,-123.9378
-25.6593,-123.69
-25.9169,-123.441
-26.174,-123.1907
-26.4539,-122.9164
-26.7099,-122.6636
-26.9653,-122.4096
-27.2203,-122.1543
-27.4746,-121.8978
-27.7283,-121.64
-28.0045,-121.3572
-28.2572,-121.0966
-28.5091,-120.8347
-28.7605,-120.5714
-29.0112,-120.3068
-29.2841,-120.0165
-29.5336,-119.7489
-29.7824,-119.4798
-30.0305,-119.2094
-30.278,-118.9374
-30.5248,-118.664
-30.771,-118.3891
-31.0387,-118.0874
-31.2835,-117.8092
-31.5275,-117.5294
-31.7708,-117.2481
-32.0134,-116.9651
-32.2552,-116.6806
-32.5182,-116.3683
-32.7584,-116.0803
-32.9979,-115.7906
-33.2368,-115.499
-33.4746,-115.2059
-33.7118,-114.9109
-33.948,-114.6144
-34.1834,-114.316
-34.418,-114.0158
-34.673,-113.6862
-34.9058,-113.3822
-35.1376,-113.0764
-35.3686,-112.7687
-35.5986,-112.4591
-35.8278,-112.1475
-36.0768,-111.8054
-36.304,-111.4897
-36.5303,-111.1721
-36.7555,-110.8525
-36.9798,-110.5308
-37.203,-110.2073
-37.4253,-109.8815
-37.6466,-109.5536
-37.8867,-109.1936
-38.1057,-108.8615
-38.3236,-108.5273
-38.5404,-108.1909
-38.7561,-107.8523
-38.9708,-107.5114
-39.2036,-107.137
-39.4158,-106.7917
-39.6268,-106.4441
-39.8366,-106.0941
-40.0453,-105.7418
-40.2715,-105.355
-40.4776,-104.9979
-40.6824,-104.6384
-40.8861,-104.2765
-41.0883,-103.9124
-41.2893,-103.5459
-41.4889,-103.177
-41.7051,-102.7718
-41.902,-102.3976
-42.0975,-102.0212
-42.2915,-101.6424
-42.484,-101.2611
-42.6752,-100.8772
-42.8821,-100.4557
-43.0703,-100.0665
-43.2569,-99.6748
-43.4421,-99.2805
-43.6257,-98.8838
-43.8078,-98.4844
-44.0046,-98.0458
-44.1834,-97.6411
-44.3606,-97.2338
-44.5361,-96.8239
-44.71,-96.4113
-44.8823,-95.996
-45.053,-95.5779
-45.2371,-95.1191
-45.404,-94.6958
-45.5692,-94.2699
-45.7327,-93.8411
-45.8943,-93.41
-46.0541,-92.9763
-46.2263,-92.5002
-46.3822,-92.0609
-46.5364,-91.6187
-46.6886,-91.1741
-46.8388,-90.7269
-47.0006,-90.236
-47.1467,-89.7833
-47.2909,-89.328
-47.4331,-88.8702
-47.5733,-88.4098
-47.7114,-87.9467
-47.8475,-87.481
-47.9935,-86.9702
-48.1251,-86.4994
-48.2547,-86.0257
-48.3821,-85.5497
-48.5074,-85.0712
-48.6414,-84.5464
-48.7621,-84.0628
-48.8805,-83.5768
-48.9966,-83.0884
-49.1104,-82.5976
-49.232,-82.0595
-49.3411,-81.5639
-49.4478,-81.066
-49.5521,-80.5658
-49.6541,-80.0634
-49.7537,-79.5587
-49.8509,-79.0519
-49.9541,-78.4968
-50.0462,-77.9858
-50.1358,-77.4727
-50.223,-76.9577
-50.3152,-76.3935
-50.3971,-75.8744
-50.4765,-75.3534
-50.5533,-74.8307
-50.6275,-74.3062
-50.6992,-73.7799
-50.7683,-73.252
-50.8407,-72.6744
-50.9043,-72.1434
-50.9653,-71.6106
-51.0237,-71.0766
-51.0794,-70.5413
-51.1371,-69.9556
-51.1873,-69.4164
-51.2347,-68.877
-51.2794,-68.3366
-51.3214,-67.7951
-51.3606,-67.2524
-51.4004,-66.6595
-51.4339,-66.115
-51.4647,-65.5697
-51.4928,-65.0238
-51.518,-64.4772
-51.5406,-63.93
-51.5603,-63.3822
-51.5787,-62.784
-51.5927,-62.2353
-51.6038,-61.6863
-51.6122,-61.1371
-51.6178,-60.5874
-51.6206,-60.038
-51.6205,-59.4384
-51.6175,-58.8888
-51.6117,-58.3395
-51.6031,-57.7903
-51.5917,-57.2413
-51.5761,-56.6428
-51.5589,-56.0943
-51.5389,-55.5467
-51.5162,-54.9994
-51.4907,-54.4529
-51.4624,-53.9067
-51.4284,-53.3121
-51.3944,-52.7679
-51.3577,-52.2244
-51.3182,-51.6819
-51.276,-51.1401
-51.2311,-50.5997
-51.1835,-50.0604
-51.1331,-49.5223
-51.0752,-48.9366
-51.0193,-48.4012
-50.9607,-47.8672
-50.8995,-47.3345
-50.8357,-46.8033
-50.763,-46.2255
-50.6936,-45.6972
-50.6217,-45.171
-50.5472,-44.6465
-50.4702,-44.1237
-50.3906,-43.6029
-50.3085,-43.0838
-50.216,-42.5197
-50.1287,-42.0045
-50.0388,-41.4912
-49.9464,-40.98
-49.8517,-40.471
-49.7545,-39.9641
-49.6457,-39.4135
-49.5435,-38.911
-49.4389,-38.4109
-49.3319,-37.9129
-49.2227,-37.4173
-49.1111,-36.9239
-48.9972,-36.4329
-48.8704,-35.9
-48.7517,-35.414
-48.6309,-34.9304
-48.5078,-34.4493
-48.3825,-33.9706
-48.2551,-33.4944
-48.1136,-32.9776
-47.9816,-32.5066
-47.8476,-32.0381
-47.7115,-31.5723
-47.5733,-31.1089
-47.4202,-30.6064
-47.2776,-30.1482
-47.1331,-29.6926
-46.9867,-29.24
-46.8383,-28.7899
-46.6741,-28.3019
-46.5217,-27.8573
-46.3674,-27.4154
-46.2111,-26.976
-46.0529,-26.5389
-45.893,-26.1049
-45.7165,-25.6344
-45.5527,-25.2057
-45.3873,-24.7798
-45.2201,-24.3565
-45.0511,-23.9358
-44.8805,-23.5178
-44.7081,-23.1024
-44.5182,-22.6522
-44.3422,-22.242
-44.1648,-21.8347
-43.9858,-21.43
-43.8051,-21.0279
-43.6228,-20.6281
-43.4223,-20.1951
-43.2368,-19.8009
-43.0498,-19.409
-42.8613,-19.0198
-42.6714,-18.6332
-42.4625,-18.2141
-42.2696,-17.8327
-42.0752,-17.4537
-41.8795,-17.0773
-41.6823,-16.7031
-41.4837,-16.3314
-41.2656,-15.9287
-41.0643,-15.5621
-40.8617,-15.1978
-40.6577,-14.8359
-40.4526,-14.4764
-40.2461,-14.1192
-40.0195,-13.7323
-39.8105,-13.3799
-39.5812,-12.9983
-39.3697,-12.6507
-39.157,-12.3053
-38.9431,-11.9622
-38.7281,-11.6212
-38.512,-11.2824
-38.275,-10.9154
-38.0566,-10.5812
-37.8371,-10.2491
-37.6165,-9.9191
-37.3949,-9.5912
-37.152,-9.2359
-36.9282,-8.9123
-36.7035,-8.5908
-36.4776,-8.2711
-36.2509,-7.9536
-36.0232,-7.638
-35.7945,-7.3244
-35.544,-6.9844
-35.3135,-6.6749
-35.082,-6.3672
-34.8496,-6.0614
-34.6163,-5.7574
-34.3608,-5.4279
-34.1256,-5.1276
-33.8897,-4.8292
-33.6529,-4.5326
-33.4154,-4.2379
-33.177,-3.9448
-32.9161,-3.6271
-32.676,-3.3375
-32.4352,-3.0497
-32.1496,-2.7117
-31.9072,-2.4275
-31.664,-2.1448
-31.3977,-1.8382
-31.153,-1.5589
-30.9075,-1.2811
-30.6613,-1.0048
-30.4145,-0.7301
-30.1671,-0.457
-29.8963,-0.1606
-29.6474,0.1095
-29.3979,0.3782
-29.1476,0.6456
-28.8967,0.9115
-28.6453,1.176
-28.3703,1.4629
-28.1177,1.7244
-27.8645,1.9846
-27.6107,2.2435
-27.3564,2.5011
-27.0783,2.7806
-26.8227,3.0355
-26.5666,3.2892
-26.31,3.5417
-26.0528,3.7929
-25.7951,4.043
-25.5134,4.3144
-25.2547,4.562
-24.9954,4.8084
-24.7356,5.0537
-24.4754,5.2979
-24.2148,5.541
-23.9299,5.8049
-23.6682,6.0457
-23.4059,6.2857
-23.1434,6.5245
-22.8803,6.7622
-22.6169,6.9989
-22.3291,7.256
-22.0649,7.4906
-21.8002,7.7243
-21.5351,7.957
-21.2213,8.231
-20.9312,8.4826
-20.6649,8.7123
-20.3982,8.9412
-20.1311,9.1692
-19.8637,9.3963
-19.596,9.6226
-19.3034,9.8685
-19.035,10.0931
-18.7662,10.3168
-18.497,10.5398
-18.2276,10.7621
-17.933,11.0038
-17.6629,11.2245
-17.3924,11.4444
-17.1216,11.6637
-16.8506,11.8822
-16.5793,12.1
-16.283,12.3369
-16.0111,12.5533
-15.739,12.7691
-15.4665,12.9843
-15.1691,13.2182
-14.8962,13.432
-14.6218,13.6462
-14.3483,13.8589
-14.0746,14.071
-13.7759,14.3017
-13.5017,14.5127
-13.2273,14.7231
-12.9278,14.9519
-12.653,15.1612
-12.1027,15.5785
-11.4765,16.0502
-11.2006,16.2571
-10.8492,16.5197
-10.5729,16.7256
-10.2966,16.931
-10.02,17.136
-9.7433,17.3407
-9.4664,17.5449
-9.1642,17.7673
-8.8869,17.971
-8.6096,18.1741
-8.3322,18.377
-8.0546,18.5795
-7.7769,18.7817
-7.4737,19.0021
-7.1958,19.2036
-6.9177,19.405
-6.6142,19.6243
-6.336,19.8251
-6.0576,20.0257
-5.7792,20.226
-5.5006,20.4261
-5.2219,20.626
-4.9178,20.8439
-4.639,21.0434
-4.3601,21.2427
-4.0558,21.46
-3.7768,21.659
-3.4977,21.8578
-3.2186,22.0566
-2.9394,22.2552
-2.6602,22.4537
-2.3555,22.6701
-2.0762,22.8684
-1.7969,23.0666
-1.5175,23.2648
-1.2381,23.4629
-0.9587,23.6609
-0.654,23.8769
-0.3745,24.0749
-0.0696,24.2909
0.2098,24.4889
0.4895,24.6871
0.769,24.8851
1.0484,25.0831
1.3278,25.2812
1.6327,25.4974
1.912,25.6956
2.1914,25.8939
2.4709,26.0923
2.7502,26.2908
3.0548,26.5074
3.3339,26.7061
3.6131,26.9049
3.8922,27.1038
4.1713,27.3029
4.4503,27.5023
4.7546,27.7199
5.0335,27.9195
5.3123,28.1193
5.591,28.3194
5.8696,28.5196
6.1481,28.7201
6.4518,28.939
6.7302,29.14
7.0083,29.3412
7.2865,29.5427
7.615,29.7812
7.9181,30.0017
8.2212,30.2226
8.4988,30.4255
8.7762,30.6285
9.0787,30.8505
9.3812,31.0729
9.6834,31.2958
9.9854,31.519
10.262,31.7241
10.5637,31.9483
10.84,32.1542
11.1412,32.3792
11.4423,32.6049
11.7181,32.8123
12.0187,33.0389
12.3192,33.2661
12.6195,33.4941
12.9194,33.7225
13.1943,33.9325
13.4938,34.1621
13.7681,34.3731
14.067,34.604
14.3409,34.8162
14.6394,35.0484
14.9127,35.2618
15.2106,35.4953
15.4835,35.71
15.7561,35.9254
16.0284,36.1414
16.3251,36.3777
16.5968,36.595
16.8684,36.8131
17.1642,37.0518
17.4351,37.2713
17.7302,37.5115
18.0005,37.7326
18.2949,37.9746
18.5647,38.1973
18.834,38.4207
19.1274,38.6653
19.396,38.8904
19.6886,39.1369
19.9565,39.3636
20.2483,39.612
20.5397,39.8614
20.8065,40.091
21.0729,40.3215
21.3631,40.5739
21.6528,40.8275
21.9179,41.0609
22.1827,41.2952
22.4711,41.552
22.7589,41.81
23.0223,42.0475
23.3092,42.3078
23.5718,42.5474
23.8577,42.8101
24.1194,43.052
24.4043,43.3172
24.6649,43.5614
24.9488,43.8291
25.2085,44.0757
25.4911,44.346
25.7498,44.595
26.0313,44.8679
26.2888,45.1194
26.5691,45.3951
26.8255,45.6491
27.1047,45.9278
27.3599,46.1844
27.6609,46.4895
27.9149,46.749
28.1913,47.0336
28.4441,47.2959
28.7191,47.5835
28.9707,47.8488
29.2444,48.1397
29.4946,48.4079
29.7669,48.7021
30.0159,48.9734
30.2866,49.2709
30.5341,49.5452
30.8033,49.8462
31.0493,50.1237
31.3169,50.4281
31.5615,50.7089
31.8275,51.0171
32.0706,51.3013
32.3129,51.5871
32.5765,51.9009
32.8173,52.1902
33.0572,52.4812
33.2964,52.7739
33.5347,53.0683
33.7723,53.3645
34.0304,53.6896
34.2661,53.9894
34.501,54.2911
34.7775,54.65
35.0105,54.9558
35.2637,55.2914
35.4948,55.601
35.725,55.9127
35.9543,56.2262
36.1826,56.5417
36.4719,56.9462
36.698,57.2662
36.9232,57.5882
37.1676,57.9419
37.3907,58.2683
37.6127,58.5967
37.8336,58.9272
38.0535,59.2598
38.2723,59.5947
38.5097,59.9623
38.7262,60.3016
38.9415,60.6431
39.1556,60.9867
39.3687,61.3327
39.5806,61.6809
39.8103,62.0633
40.0197,62.4162
40.2278,62.7714
40.4347,63.129
40.6403,63.489
40.8631,63.8843
41.066,64.2491
41.2677,64.6164
41.468,64.9861
41.6669,65.3582
41.8645,65.7328
42.0618,66.1118
42.2743,66.526
42.4675,66.9082
42.6594,67.2931
42.8498,67.6805
43.0387,68.0702
43.226,68.4625
43.4287,68.8934
43.6129,69.291
43.7955,69.6912
43.9766,70.094
44.1561,70.4994
44.334,70.9075
44.5261,71.3556
44.7006,71.7692
44.8889,72.2231
45.0599,72.6423
45.229,73.0639
45.3965,73.4881
45.5622,73.9151
45.7409,74.3838
45.9028,74.8163
46.0629,75.2514
46.2213,75.6895
46.3778,76.1301
46.5323,76.5731
46.6986,77.0593
46.8491,77.5078
46.9976,77.9589
47.1442,78.4127
47.2888,78.8691
47.4314,79.3282
47.5846,79.832
47.7229,80.2964
47.8836,80.8487
48.0174,81.3189
48.1609,81.8346
48.2901,82.3099
48.4172,82.7877
48.5421,83.2682
48.6649,83.7512
48.7853,84.2363
48.9035,84.7241
49.0301,85.2597
49.1436,85.7526
49.2548,86.2477
49.3636,86.745
49.4701,87.2448
49.5742,87.7466
49.685,88.2967
49.7841,88.8035
49.8808,89.3121
49.975,89.8228
50.0667,90.3356
50.156,90.8507
50.2506,91.4147
50.3346,91.9336
50.4161,92.4544
50.495,92.9769
50.5714,93.5014
50.6452,94.0276
50.7228,94.6034
50.7912,95.1331
50.8569,95.6644
50.92,96.1972
50.9859,96.7802
51.0434,97.316
51.0983,97.8531
51.1505,98.3914
51.2,98.9311
51.2509,99.5211
51.2947,100.0632
51.3358,100.6062
51.3742,101.1502
51.4098,101.6951
51.4426,102.2411
51.4753,102.8374
51.5024,103.3849
51.5268,103.9331
51.5483,104.4816
51.567,105.0307
51.583,105.5803
51.5972,106.1803
51.6074,106.7305
51.6147,107.2813
51.6192,107.8321
51.6209,108.3828
51.6199,108.9335
51.6155,109.5345
51.6086,110.085
51.5989,110.6353
51.5864,111.1852
51.571,111.7349
51.553,112.2841
51.53,112.8826
51.5061,113.4306
51.4795,113.9781
51.45,114.5248
51.4178,115.0708
51.3828,115.6158
51.3416,116.2095
51.3009,116.7526
51.2575,117.2946
51.2113,117.8357
51.1625,118.3754
51.111,118.914
51.0517,119.5
50.9945,120.0364
50.9346,120.5709
50.8722,121.1038
50.8071,121.6352
50.7394,122.165
50.6625,122.7412
50.5894,123.2675
50.5136,123.7921
50.4353,124.3149
50.3545,124.8359
50.2711,125.3549
50.1773,125.919
50.0887,126.434
49.9976,126.9471
49.904,127.4581
49.7992,128.0131
49.7005,128.5196
49.5994,129.0242
49.4865,129.5718
49.3804,130.0715
49.2721,130.5689
49.1613,131.0642
49.0482,131.5572
48.9329,132.0476
48.8154,132.5356
48.6845,133.0652
48.5623,133.5481
48.4378,134.0286
48.3111,134.5065
48.1823,134.982
48.0393,135.4978
47.906,135.968
47.7706,136.4356
47.6205,136.943
47.4808,137.4052
47.339,137.8649
47.1952,138.3219
47.0494,138.7763
46.8882,139.2689
46.7383,139.7179
46.5865,140.164
46.4328,140.6077
46.2772,141.0486
46.1052,141.5268
45.9457,141.9623
45.7844,142.3951
45.6213,142.8253
45.4564,143.2528
45.2744,143.7162
45.1059,144.1381
44.9355,144.5577
44.7635,144.9743
44.5899,145.3884
44.4145,145.7999
44.2375,146.2089
44.0426,146.6519
43.8623,147.0553
43.6804,147.4561
43.4969,147.8543
43.3119,148.25
43.1254,148.6431
42.9202,149.069
42.7306,149.4568
42.5395,149.8421
42.3469,150.225
42.1529,150.6054
41.9575,150.9832
41.7608,151.3585
41.5446,151.7653
41.3449,152.1357
41.1439,152.5035
40.9417,152.8689
40.7196,153.2648
40.496,153.658
40.2897,154.0159
40.0821,154.3715
39.8353,154.7887
39.6251,155.1393
39.4137,155.4875
39.2011,155.8335
38.9874,156.1773
38.7529,156.5499
38.5368,156.8891
38.3195,157.2262
38.1012,157.5611
37.8818,157.8938
37.6614,158.2243
37.4197,158.5825
37.1971,158.9087
36.9735,159.2328
36.7488,159.5549
36.5232,159.8749
36.2966,160.193
36.0482,160.5377
35.8196,160.8517
35.5901,161.1637
35.3596,161.4738
35.1282,161.7819
34.896,162.0882
34.6416,162.4202
34.4075,162.7225
34.1725,163.0231
33.9367,163.3219
33.7,163.619
33.4625,163.9142
33.2025,164.2343
32.9634,164.5259
32.7234,164.8158
32.4825,165.1043
32.2409,165.391
31.9986,165.676
31.7335,165.9849
31.4898,166.2665
31.2453,166.5463
31.0001,166.8247
30.7543,167.1015
30.5076,167.3769
30.2379,167.6754
29.9898,167.9477
29.7412,168.2183
29.4918,168.4876
29.2419,168.7554
28.9915,169.0216
28.7175,169.3106
28.4657,169.574
28.2133,169.836
27.9604,170.0967
27.7068,170.356
27.4064,170.6609
27.1052,170.9639
26.8498,171.2189
26.5705,171.4956
26.314,171.748
26.0569,171.9992
25.7992,172.2492
25.5176,172.5206
25.259,172.768
24.9999,173.0144
24.7403,173.2596
24.4801,173.5037
24.2195,173.7467
23.9348,174.0105
23.6732,174.2513
23.4111,174.4911
23.1487,174.7297
22.8859,174.9673
22.6227,175.2039
22.335,175.4608
22.0708,175.6954
21.8063,175.929
21.5415,176.1615
21.2762,176.3932
20.9862,176.645
20.7202,176.8747
20.4536,177.1037
20.1868,177.3317
19.9196,177.5589
19.6277,177.8057
19.3598,178.0311
19.0916,178.2557
18.823,178.4794
18.5542,178.7024
18.2606,178.9447
17.9909,179.1661
17.7211,179.3868
17.4509,179.6067
17.1804,179.8259
16.9098,-179.9557
16.6142,-179.7182
16.3428,-179.5012
16.0714,-179.2849
15.7986,-179.0685
15.5265,-178.8534
15.2294,-178.6196
14.9568,-178.4058
14.684,-178.1927
14.3861,-177.9609
14.1128,-177.7491
13.8393,-177.5377
13.5655,-177.327
13.2916,-177.1168
12.9924,-176.888
12.7179,-176.6788
12.4433,-176.4702
12.1684,-176.262
11.8933,-176.0543
11.618,-175.847
11.3175,-175.6214
11.0419,-175.4151
10.7661,-175.2092
10.4902,-175.0038
10.2142,-174.7989
9.938,-174.5943
9.6364,-174.3715
9.3599,-174.1677
9.0831,-173.9642
8.8063,-173.7611
8.5294,-173.5584
8.2271,-173.3376
7.9499,-173.1354
7.6726,-172.9337
7.3699,-172.714
7.0924,-172.5128
6.8147,-172.3119
6.537,-172.1113
6.2591,-171.9109
5.9559,-171.6926
5.6778,-171.4927
5.3996,-171.293
5.1214,-171.0936
4.8431,-170.8943
4.5648,-170.6952
4.2864,-170.4963
3.9826,-170.2795
3.7035,-170.0806
3.425,-169.8822
3.1463,-169.6838
2.8675,-169.4856
2.5888,-169.2875
2.2847,-169.0716
2.0058,-168.8737
1.727,-168.6759
1.4481,-168.4781
1.1691,-168.2804
0.8644,-168.0644
0.5855,-167.8668
0.3065,-167.6692
0.0277,-167.4717
-0.2766,-167.2562
-0.5555,-167.0586
-0.8344,-166.861
-1.1133,-166.6634
-1.3922,-166.4657
-1.6964,-166.25
-1.9752,-166.0523
-2.254,-165.8544
-2.5328,-165.6564
-2.8115,-165.4584
-3.0902,-165.2602
-3.3942,-165.044
-3.6727,-164.8456
-3.9513,-164.647
-4.2297,-164.4484
-4.5081,-164.2495
-4.8117,-164.0324
-5.0899,-163.8332
-5.3681,-163.6338
-5.6462,-163.4342
-5.9242,-163.2344
-6.2273,-163.0162
-6.5052,-162.8159
-6.7829,-162.6154
-7.0605,-162.4145
-7.338,-162.2135
-7.6406,-161.9939
-7.9178,-161.7922
-8.1949,-161.5903
-8.4718,-161.388
-8.7488,-161.1854
-9.0256,-160.9824
-9.3274,-160.7606
-9.6037,-160.557
-9.8799,-160.353
-10.2063,-160.1114
-10.5073,-159.8879
-10.783,-159.6825
-11.0586,-159.4768
-11.335,-159.2699
-11.6103,-159.0633
-11.8853,-158.8562
-12.1852,-158.6298
-12.4598,-158.4217
-12.7343,-158.2132
-13.0085,-158.0042
-13.2825,-157.7947
-13.5563,-157.5846
-13.8547,-157.3548
-14.1281,-157.1436
-14.4013,-156.9318
-14.6742,-156.7194
-14.9469,-156.5065
-15.244,-156.2735
-15.5161,-156.0593
-15.7881,-155.8445
-16.0597,-155.629
-16.3311,-155.4128
-16.6022,-155.196
-16.8731,-154.9785
-17.1683,-154.7404
-17.4385,-154.5215
-17.7084,-154.3019
-17.978,-154.0815
-18.2718,-153.8402
-18.5408,-153.6183
-18.8095,-153.3955
-19.0778,-153.172
-19.3458,-152.9477
-19.6135,-152.7226
-19.8809,-152.4966
-20.1721,-152.2492
-20.4387,-152.0214
-20.7049,-151.7929
-20.9708,-151.5633
-21.2362,-151.333
-21.5254,-151.0807
-21.7901,-150.8483
-22.0544,-150.6151
-22.3182,-150.3809
-22.6056,-150.1243
-22.8685,-149.8881
-23.1312,-149.6508
-23.3934,-149.4125
-23.6551,-149.1731
-23.9401,-148.9109
-24.2009,-148.6693
-24.4612,-148.4267
-24.721,-148.183
-24.9804,-147.9382
-25.2392,-147.6923
-25.4977,-147.4451
-25.779,-147.1742
-26.0364,-146.9246
-26.2933,-146.6738
-26.5496,-146.4218
-26.8053,-146.1686
-27.0606,-145.9141
-27.3383,-145.6352
-27.5924,-145.378
-27.846,-145.1196
-28.0989,-144.8598
-28.3512,-144.5988
-28.603,-144.3363
-28.8769,-144.0485
-29.1273,-143.7833
-29.3772,-143.5165
-29.6265,-143.2483
-29.8751,-142.9787
-30.123,-142.7077
-30.3702,-142.4352
-30.6392,-142.1362
-30.8851,-141.8606
-31.1303,-141.5833
-31.3747,-141.3046
-31.6406,-140.9987
-31.8835,-140.7167
-32.1257,-140.433
-32.3671,-140.1477
-32.6079,-139.8608
-32.8479,-139.5721
-33.1087,-139.2553
-33.347,-138.9632
-33.5845,-138.6693
-33.8211,-138.3737
-34.0571,-138.0762
-34.3134,-137.7497
-34.5475,-137.4486
-34.7807,-137.1456
-35.0131,-136.8407
-35.2446,-136.534
-35.496,-136.1973
-35.7255,-135.8867
-35.9541,-135.5741
-36.2025,-135.2308
-36.4291,-134.9141
-36.6548,-134.5955
-36.8795,-134.2748
-37.1032,-133.9522
-37.3259,-133.6274
-37.5677,-133.2707
-37.7882,-132.9416
-38.0077,-132.6104
-38.2263,-132.2768
-38.4436,-131.9412
-38.6599,-131.6035
-38.875,-131.2638
-39.1083,-130.8906
-39.321,-130.5462
-39.5326,-130.1995
-39.743,-129.8504
-39.9522,-129.4992
-40.1602,-129.1457
-40.3856,-128.7574
-40.591,-128.3991
-40.7951,-128.0385
-40.9979,-127.6754
-41.1994,-127.31
-41.3997,-126.9422
-41.6166,-126.5381
-41.814,-126.1652
-42.0101,-125.7899
-42.2047,-125.4121
-42.398,-125.0319
-42.5898,-124.6492
-42.7801,-124.264
-42.9862,-123.8409
-43.1735,-123.4503
-43.3593,-123.0573
-43.5436,-122.6617
-43.7264,-122.2635
-43.9076,-121.8628
-44.1034,-121.4226
-44.2813,-121.0165
-44.4575,-120.6079
-44.6321,-120.1967
-44.805,-119.7828
-44.9763,-119.3663
-45.1459,-118.947
-45.3289,-118.4868
-45.4949,-118.0622
-45.659,-117.635
-45.8216,-117.2048
-45.9967,-116.7328
-46.1553,-116.2974
-46.312,-115.8594
-46.4669,-115.4188
-46.6337,-114.935
-46.7847,-114.4886
-46.9337,-114.0398
-47.0808,-113.5884
-47.2258,-113.1344
-47.3689,-112.6777
-47.51,-112.2184
-47.6616,-111.7146
-47.7983,-111.25
-47.933,-110.7829
-48.0657,-110.3131
-48.1961,-109.8408
-48.336,-109.3228
-48.462,-108.8453
-48.5859,-108.3652
-48.7075,-107.8827
-48.8269,-107.3977
-48.9546,-106.8661
-49.0693,-106.3762
-49.1917,-105.8393
-49.3016,-105.3445
-49.4091,-104.8475
-49.5143,-104.3483
-49.6171,-103.8467
-49.7176,-103.3429
-49.8245,-102.7909
-49.9199,-102.2827
-50.0128,-101.7725
-50.1034,-101.2602
-50.1914,-100.7459
-50.277,-100.2295
-50.3674,-99.6642
-50.4477,-99.1438
-50.5255,-98.6218
-50.6007,-98.0979
-50.6733,-97.5724
-50.7433,-97.045
-50.8108,-96.5162
-50.8814,-95.9375
-50.9434,-95.4051
-51.008,-94.8228
-51.0694,-94.2391
-51.1229,-93.7027
-51.1737,-93.1648
-51.2219,-92.6258
-51.2673,-92.0856
-51.3138,-91.4951
-51.3536,-90.9528
-51.3906,-90.4096
-51.4249,-89.8653
-51.4565,-89.3204
-51.4853,-88.7744
-51.5113,-88.2281
-51.5366,-87.6313
-51.5569,-87.0837
-51.5744,-86.5355
-51.5891,-85.9869
-51.602,-85.3882
-51.6109,-84.839
-51.617,-84.2895
-51.6203,-83.7395
-51.6208,-83.1899
-51.6182,-82.5906
-51.6129,-82.0412
-51.6049,-81.492
-51.594,-80.9431
-51.5804,-80.3942
-51.5639,-79.8458
-51.5447,-79.298
-51.5206,-78.7008
-51.4956,-78.154
-51.4679,-77.6077
-51.4374,-77.0623
-51.4041,-76.5178
-51.3681,-75.9742
-51.3184,-75.2836
-51.2762,-74.742
-51.2313,-74.2015
-51.1836,-73.6622
-51.1333,-73.124
-51.0804,-72.5871
-51.0247,-72.0516
-50.9609,-71.4688
-50.8998,-70.9363
-50.8359,-70.4051
-50.7694,-69.8754
-50.7004,-69.3475
-50.6221,-68.7732
-50.5476,-68.2488
-50.4705,-67.7258
-50.391,-67.2048
-50.3088,-66.6858
-50.2242,-66.1686
-50.1291,-65.6066
-50.0392,-65.0936
-49.9469,-64.5825
-49.8522,-64.0734
-49.746,-63.5204
-49.6462,-63.0158
-49.544,-62.5134
-49.4394,-62.0133
-49.3325,-61.5153
-49.2132,-60.9748
-49.1015,-60.4818
-48.9874,-59.9911
-48.8711,-59.5029
-48.7525,-59.017
-48.6317,-58.5335
-48.4974,-58.0087
-48.3719,-57.5301
-48.2443,-57.0543
-48.1145,-56.5808
-47.9826,-56.1098
-47.8486,-55.6413
-47.7,-55.1332
-47.5616,-54.6701
-47.4212,-54.2095
-47.2788,-53.7516
-47.1343,-53.2962
-46.9876,-52.8425
-46.8391,-52.3923
-46.6751,-51.9044
-46.5226,-51.4597
-46.3683,-51.0176
-46.212,-50.5783
-46.054,-50.1415
-45.8941,-49.7075
-45.7176,-49.2371
-45.5539,-48.8085
-45.3885,-48.3826
-45.2213,-47.9593
-45.0524,-47.5387
-44.8817,-47.1207
-44.6936,-46.6675
-44.5195,-46.255
-44.3437,-45.8451
-44.1662,-45.4377
-43.9872,-45.0329
-43.8065,-44.6307
-43.6243,-44.231
-43.4238,-43.798
-43.2383,-43.4037
-43.0513,-43.012
-42.8629,-42.6228
-42.673,-42.2361
-42.4642,-41.8172
-42.2712,-41.4356
-42.0768,-41.0566
-41.8811,-40.68
-41.684,-40.306
-41.4855,-39.9343
-41.2856,-39.5651
-41.0661,-39.165
-40.8635,-38.8008
-40.6596,-38.4389
-40.4545,-38.0794
-40.2481,-37.7223
-40.0404,-37.3674
-39.8315,-37.0149
-39.6017,-36.6319
-39.3903,-36.2841
-39.1777,-35.9385
-38.964,-35.5951
-38.7489,-35.2537
-38.5329,-34.9148
-38.2959,-34.5474
-38.0776,-34.2129
-37.8582,-33.8806
-37.6378,-33.5505
-37.4163,-33.2224
-37.1735,-32.8669
-36.9499,-32.5432
-36.7252,-32.2215
-36.4996,-31.9017
-36.2522,-31.5552
-36.0245,-31.2395
-35.7959,-30.926
-35.5664,-30.6143
-35.3359,-30.3045
-35.1045,-29.9967
-34.8722,-29.6907
-34.6178,-29.3591
-34.3837,-29.057
-34.1488,-28.7567
-33.9128,-28.4581
-33.6762,-28.1614
-33.4387,-27.8664
-33.1787,-27.5466
-32.9395,-27.2552
-32.6996,-26.9656
-32.4589,-26.6776
-32.2174,-26.3913
-31.9751,-26.1065
-31.7099,-25.7978
-31.4662,-25.5165
-31.2216,-25.2367
-30.9763,-24.9584
-30.7303,-24.6817
-30.4837,-24.4066
-30.2139,-24.1082
-29.9659,-23.8362
-29.7172,-23.5657
-29.4678,-23.2966
-29.2179,-23.029
-28.9673,-22.7628
-28.6931,-22.4739
-28.4412,-22.2105
-28.1887,-21.9486
-27.9356,-21.688
-27.6819,-21.4286
-27.4276,-21.1706
-27.1496,-20.8906
-26.8942,-20.6353
-26.6382,-20.3813
-26.3818,-20.1285
-26.1247,-19.8769
-25.8672,-19.6265
-25.5855,-19.3546
-25.3268,-19.1066
-25.0676,-18.8598
-24.8079,-18.6141
-24.5478,-18.3696
-24.2872,-18.1262
-24.0262,-17.8838
-23.7409,-17.6208
-23.479,-17.3807
-23.2166,-17.1417
-22.9533,-16.9033
-22.69,-16.6663
-22.4263,-16.4303
-22.1381,-16.174
-21.8736,-15.9401
-21.6086,-15.7071
-21.3433,-15.475
-21.0775,-15.2439
-20.8114,-15.0136
-20.5206,-14.7635
-20.2538,-14.5351
-19.9866,-14.3076
-19.7189,-14.0809
-19.4509,-13.855
-19.1582,-13.6095
-18.8896,-13.3855
-18.6205,-13.162
-18.3512,-12.9395
-18.0815,-12.7177
-17.8115,-12.4966
-17.5413,-12.2762
-17.2461,-12.0367
-16.9752,-11.8178
-16.704,-11.5997
-16.4325,-11.3822
-16.1609,-11.1655
-15.889,-10.9495
-15.592,-10.7144
-15.3194,-10.4996
-15.0465,-10.2853
-14.7734,-10.0717
-14.4753,-9.8394
-14.2017,-9.6271
-13.928,-9.4154
-13.654,-9.2041
-13.3549,-8.9744
-13.0804,-8.7642
-12.8056,-8.5546
-12.5307,-8.3455
-12.2557,-8.137
-11.9805,-7.929
-11.68,-7.7025
-11.4044,-7.4954
-11.1286,-7.2888
-10.8526,-7.0825
-10.5764,-6.8767
-10.275,-6.6527
-9.9985,-6.4478
-9.7218,-6.2432
-9.445,-6.039
-9.168,-5.8351
-8.8909,-5.6317
-8.6137,-5.4286
-8.311,-5.2073
-8.0334,-5.0048
-7.7558,-4.8027
-7.478,-4.6008
-7.2,-4.3992
-6.922,-4.1978
-6.6186,-3.9785
-6.3403,-3.7777
-6.0619,-3.5771
-5.7834,-3.3768
-5.505,-3.1768
-5.2263,-2.9769
-4.9477,-2.7772
-4.6435,-2.5596
-4.3647,-2.3602
-4.0857,-2.1611
-3.8067,-1.9621
-3.5277,-1.7632
-3.2233,-1.5465
-2.9441,-1.3479
-2.665,-1.1494
-2.3856,-0.951
-2.1062,-0.7526
-1.8269,-0.5544
-1.5476,-0.3562
-1.2428,-0.1401
-0.9633,0.058
-0.6839,0.256
-0.4044,0.454
-0.125,0.652
0.1799,0.868
0.4593,1.0659
0.7387,1.2639
1.0182,1.462
1.2975,1.66
1.6023,1.8761
1.8817,2.0743
2.161,2.2726
2.4403,2.4709
2.745,2.6874
3.0242,2.8859
3.3033,3.0846
3.5827,3.2835
3.8617,3.4824
4.1407,3.6814
4.4451,3.8988
4.7241,4.0983
5.0028,4.2978
5.2816,4.4976
5.5602,4.6976
5.8389,4.8978
6.1173,5.0982
6.421,5.3171
6.6993,5.518
6.9776,5.7193
7.2557,5.9207
7.5337,6.1224
7.8368,6.3428
8.1145,6.5451
8.3921,6.7478
8.6696,6.9507
8.947,7.1541
9.2493,7.3762
9.5264,7.5802
9.8034,7.7847
10.0801,7.9895
10.3568,8.1947
10.6835,8.4378
10.9849,8.6627
11.261,8.8693
11.562,9.0951
11.8627,9.3215
12.1382,9.5295
12.4385,9.7569
12.7135,9.9659
13.0134,10.1945
13.2881,10.4046
13.5874,10.6344
13.8617,10.8456
14.1606,11.0767
14.4344,11.2891
14.7575,11.5408
15.0804,11.7934
15.3784,12.0275
15.7005,12.2818
15.9977,12.5173
16.2698,12.7338
16.5662,12.9708
16.8377,13.1887
17.1336,13.4273
17.4291,13.6667
17.6997,13.8869
17.9945,14.128
18.2645,14.3498
18.5341,14.5723
18.8281,14.8161
19.0971,15.0403
19.3902,15.2858
19.7316,15.5734
19.9994,15.8004
20.3155,16.0697
20.6068,16.3193
20.8977,16.5701
21.1639,16.8007
21.4539,17.0536
21.7197,17.2865
22.009,17.5416
22.2736,17.7763
22.6097,18.0764
22.8734,18.3133
23.1606,18.573
23.471,18.8556
23.7572,19.1179
24.0427,19.3813
24.3276,19.646
24.6121,19.9121
24.896,20.1795
25.1557,20.4258
25.462,20.7183
25.7441,20.9898
26.0021,21.2399
26.283,21.514
26.54,21.7666
26.8197,22.0437
27.0755,22.2989
27.354,22.5788
27.6089,22.8369
27.8861,23.1198
28.1396,23.3805
28.3925,23.6425
28.6677,23.9299
28.9195,24.1949
29.1706,24.4613
29.421,24.729
29.6934,25.0227
29.9877,25.3428
30.2586,25.6403
30.5062,25.9144
30.7531,26.1901
31.0215,26.4925
31.2892,26.7968
31.5561,27.1029
31.822,27.4109
32.065,27.695
32.3293,28.0068
32.5708,28.2944
32.8335,28.6101
33.0734,28.9012
33.3125,29.1939
33.5724,29.5154
33.8313,29.8389
34.0678,30.1372
34.3248,30.4648
34.5594,30.7669
34.7933,31.0709
35.0262,31.3767
35.2582,31.6844
35.4894,31.9941
35.7406,32.3342
35.9698,32.6479
36.1981,32.9634
36.4254,33.281
36.6517,33.6007
36.877,33.9222
37.1013,34.2458
37.3448,34.6012
37.567,34.9291
37.7881,35.2591
38.0082,35.5913
38.2272,35.9256
38.4451,36.262
38.6618,36.6005
38.897,36.9725
39.1114,37.3157
39.3247,37.6612
39.5369,38.009
39.7479,38.3591
39.9576,38.7115
40.1851,39.0985
40.3922,39.4556
40.5982,39.8153
40.8029,40.1772
41.0062,40.5413
41.2082,40.9079
41.409,41.277
41.6263,41.6822
41.8242,42.0563
42.0207,42.4328
42.2335,42.8464
42.4271,43.2282
42.6193,43.6125
42.8099,43.9992
42.9991,44.3884
43.1868,44.7802
43.3898,45.2105
43.5743,45.6075
43.7573,46.0071
43.9387,46.4094
44.1185,46.8143
44.2966,47.2217
44.4732,47.6318
44.6639,48.0821
44.837,48.4976
45.0084,48.9158
45.1781,49.3365
45.346,49.7599
45.5123,50.1862
45.6916,50.654
45.854,51.0856
46.0147,51.5199
46.1736,51.9571
46.3306,52.3967
46.4997,52.8794
46.6528,53.3246
46.8038,53.7723
46.953,54.2227
47.1002,54.6758
47.2585,55.1732
47.4015,55.6317
47.5425,56.0928
47.6814,56.5564
47.8182,57.0226
47.953,57.4914
48.0856,57.9628
48.2279,58.4799
48.379,59.0435
48.5046,59.5231
48.628,60.0053
48.7491,60.4897
48.868,60.9767
48.9951,61.5106
49.1093,62.0027
49.2212,62.497
49.3307,62.9936
49.4475,63.538
49.5521,64.0395
49.6543,64.5431
49.7541,65.049
49.8515,65.557
49.9465,66.0671
50.039,66.5792
50.1371,67.1402
50.2244,67.6568
50.3092,68.1752
50.3915,68.6953
50.4712,69.2174
50.5484,69.7412
50.6296,70.3146
50.7014,70.8428
50.7706,71.372
50.8431,71.9511
50.9068,72.4835
50.9678,73.0174
51.0262,73.5531
51.0819,74.0899
51.1396,74.6771
51.1897,75.2165
51.237,75.757
51.2817,76.2988
51.3236,76.8416
51.3628,77.3853
51.4024,77.9795
51.4359,78.5251
51.4666,79.0717
51.4945,79.6189
51.5197,80.1667
51.542,80.7152
51.5633,81.3141
51.5798,81.8636
51.5936,82.4135
51.6046,82.9637
51.6128,83.5142
51.6181,84.0647
51.6208,84.6656
51.6203,85.2163
51.6171,85.7673
51.611,86.3179
51.6021,86.8682
51.5905,87.4183
51.5745,88.018
51.557,88.5673
51.5368,89.1161
51.5137,89.6644
51.4879,90.2121
51.4593,90.759
51.4249,91.3553
51.3905,91.9008
51.3533,92.4453
51.3135,92.9887
51.2709,93.5311
51.2213,94.1216
51.173,94.6617
51.1173,95.2495
51.0634,95.7869
51.0068,96.323
50.9476,96.8578
50.8856,97.3914
50.8211,97.9232
50.7539,98.4535
50.6776,99.0301
50.605,99.5569
50.5298,100.0819
50.4521,100.6051
50.3717,101.1267
50.2812,101.6933
50.1956,102.2107
50.1075,102.7263
50.017,103.2397
49.9239,103.7515
49.8284,104.2607
49.7214,104.8139
49.6209,105.3188
49.5179,105.8215
49.4126,106.3219
49.3049,106.82
49.1948,107.316
49.0721,107.8544
48.9573,108.3454
48.8401,108.8341
48.7208,109.3202
48.5992,109.8038
48.4754,110.285
48.3493,110.7638
48.2094,111.2834
48.0789,111.7567
47.9462,112.2277
47.8114,112.696
47.6746,113.1619
47.5356,113.6254
47.3817,114.1277
47.2385,114.5855
47.0934,115.0406
46.9462,115.4932
46.797,115.9432
46.646,116.3905
46.479,116.8755
46.3239,117.3173
46.167,117.7565
46.0082,118.193
45.8476,118.6269
45.6852,119.058
45.506,119.5253
45.3398,119.9509
45.172,120.3739
45.0023,120.7942
44.8153,121.25
44.6421,121.6648
44.4673,122.0771
44.2908,122.4866
44.1127,122.8937
43.9166,123.3347
43.7352,123.7363
43.5355,124.1714
43.3509,124.5675
43.1646,124.9612
42.9598,125.3877
42.7705,125.7761
42.5797,126.1618
42.3699,126.5799
42.1761,126.9604
41.9809,127.3386
41.7843,127.7142
41.5683,128.1212
41.3689,128.4917
41.1682,128.8598
40.9476,129.2587
40.7441,129.6218
40.5393,129.9825
40.3333,130.3409
40.126,130.697
39.9175,131.0507
39.6884,131.4345
39.4772,131.7836
39.265,132.1304
39.0516,132.4748
38.8371,132.817
38.6215,133.157
38.3849,133.5254
38.167,133.8609
37.9479,134.1943
37.7278,134.5254
37.5066,134.8545
37.2641,135.2112
37.0408,135.5359
36.796,135.8878
36.5706,136.2082
36.3442,136.5267
36.1169,136.8432
35.8886,137.1576
35.6594,137.4702
35.4082,137.809
35.177,138.1175
34.945,138.4241
34.712,138.7289
34.4782,139.0318
34.2435,139.3329
33.9865,139.6594
33.7285,139.9837
33.4479,140.3326
33.2096,140.626
32.9487,140.9441
32.7087,141.2338
32.468,141.522
32.2044,141.8344
31.9621,142.119
31.7191,142.402
31.4754,142.6833
31.2309,142.9631
30.9857,143.2413
30.7174,143.5431
30.4259,143.8679
30.1559,144.166
29.885,144.4623
29.6361,144.7324
29.3639,145.0253
29.1137,145.2923
28.8401,145.5819
28.5657,145.8699
28.3136,146.1324
28.0379,146.4173
27.7615,146.7005
27.4844,146.9823
27.2298,147.2391
26.9747,147.4948
26.6957,147.7721
26.4161,148.048
26.1359,148.3225
25.8785,148.5728
25.5971,148.8445
25.3151,149.1148
25.009,149.4061
24.7494,149.6513
24.4657,149.9175
24.2051,150.1605
23.9203,150.4242
23.6587,150.665
23.3729,150.9263
23.1104,151.1648
22.8236,151.4238
22.5602,151.6601
22.2725,151.9168
21.9843,152.1723
21.7197,152.4055
21.4306,152.6589
21.1652,152.8901
20.8752,153.1413
20.5847,153.3916
20.2939,153.6406
20.027,153.868
19.7596,154.0946
19.4676,154.3409
19.1995,154.5658
18.9312,154.7898
18.6624,155.0131
18.3689,155.2558
18.0996,155.4774
17.8053,155.7183
17.5353,155.9384
17.2651,156.1577
16.9945,156.3763
16.7232,156.5946
16.4274,156.8316
16.1559,157.0481
15.8842,157.264
15.6121,157.4793
15.3398,157.6939
15.0426,157.9273
14.7698,158.1406
14.4968,158.3533
14.2237,158.5654
13.9501,158.777
13.6764,158.988
13.3777,159.2176
13.1035,159.4274
12.8292,159.6367
12.5546,159.8456
12.2799,160.054
11.9799,160.2808
11.7048,160.4881
11.4294,160.695
11.1539,160.9014
10.8783,161.1074
10.5773,161.3317
10.3013,161.5369
10.0251,161.7416
9.7488,161.9459
9.4723,162.1498
9.1706,162.3719
8.8939,162.575
8.617,162.7779
8.3399,162.9804
8.0628,163.1826
7.7855,163.3845
7.4828,163.6045
7.2053,163.8057
6.9277,164.0067
6.6499,164.2075
6.372,164.408
6.0941,164.6082
5.7909,164.8264
5.5128,165.0261
5.2346,165.2257
4.9564,165.425
4.678,165.6242
4.3742,165.8413
4.0957,166.0401
3.8173,166.2387
3.5386,166.4372
3.26,166.6356
2.9814,166.8338
2.6773,167.0499
2.3985,167.248
2.1196,167.4459
1.8406,167.6439
1.5617,167.8417
1.2575,168.0573
0.9786,168.255
0.6742,168.4707
0.395,168.6684
0.1161,168.866
-0.1882,169.0815
-0.4671,169.2791
-0.7461,169.4768
-1.0503,169.6923
-1.3292,169.89
-1.6081,170.0877
-1.8869,170.2854
-2.191,170.5012
-2.4697,170.6991
-2.7485,170.8972
-3.0272,171.0953
-3.3057,171.2934
-3.6096,171.5098
-3.8881,171.7083
-4.1666,171.9069
-4.445,172.1057
-4.7234,172.3047
-5.0269,172.522
-5.3051,172.7213
-5.5832,172.9209
-5.8613,173.1206
-6.1393,173.3207
-6.417,173.5208
-6.72,173.7395
-6.9976,173.9403
-7.2751,174.1413
-7.5525,174.3425
-7.8297,174.544
-8.1069,174.7459
-8.409,174.9664
-8.686,175.1689
-8.9627,175.3718
-9.2393,175.575
-9.516,175.7786
-9.8174,176.0011
-10.0935,176.2054
-10.3695,176.4101
-10.6453,176.6152
-10.921,176.8207
-11.1965,177.0267
-11.4968,177.2518
-11.772,177.4587
-12.0469,177.6661
-12.3466,177.8928
-12.6212,178.1011
-12.8955,178.31
-13.1697,178.5193
-13.4685,178.7483
-13.7422,178.9587
-14.0157,179.1698
-14.2889,179.3813
-14.5619,179.5934
-14.8346,179.8061
-15.1319,-179.9612
-15.4041,-179.7473
-15.6761,-179.5327
-15.9478,-179.3175
-16.2439,-179.082
-16.5151,-178.8655
-16.7861,-178.6482
-17.0567,-178.4302
-17.3516,-178.1917
-17.622,-177.9719
-17.8917,-177.7518
-18.1611,-177.531
-18.4546,-177.2892
-18.7233,-177.0668
-18.9917,-176.8435
-19.2597,-176.6196
-19.5275,-176.3947
-19.8191,-176.1485
-20.0862,-175.922
-20.3528,-175.6946
-20.6193,-175.4662
-20.8852,-175.237
-21.1508,-175.007
-21.44,-174.755
-21.7048,-174.523
-21.9692,-174.2901
-22.2332,-174.0562
-22.4968,-173.8213
-22.76,-173.5855
-23.0466,-173.327
-23.3089,-173.0891
-23.5708,-172.85
-23.8323,-172.61
-24.0931,-172.369
-24.3773,-172.1047
-24.6373,-171.8614
-24.8969,-171.6169
-25.1559,-171.3713
-25.4144,-171.1246
-25.6725,-170.8767
-25.93,-170.6277
-26.2104,-170.3546
-26.4668,-170.103
-26.7229,-169.8501
-26.9783,-169.5961
-27.2331,-169.3408
-27.5105,-169.0608
-27.7642,-168.8028
-28.0173,-168.5435
-28.27,-168.2827
-28.5218,-168.0208
-28.7731,-167.7575
-29.0467,-167.4686
-29.2968,-167.2022
-29.5463,-166.9345
-29.7951,-166.6654
-30.0432,-166.3948
-30.2907,-166.1228
-30.5376,-165.8492
-30.8061,-165.549
-31.0515,-165.2723
-31.2962,-164.9941
-31.5403,-164.7141
-31.7838,-164.4324
-32.0483,-164.1236
-32.29,-163.8388
-32.531,-163.5524
-32.7711,-163.2643
-33.0106,-162.9745
-33.2494,-162.6829
-33.5089,-162.3628
-33.7458,-162.0677
-33.982,-161.7709
-34.2173,-161.4722
-34.4518,-161.1717
-34.6853,-160.8695
-34.918,-160.5654
-35.1709,-160.2315
-35.4018,-159.9235
-35.6317,-159.6136
-35.8608,-159.3018
-36.0889,-158.988
-36.316,-158.6723
-36.5627,-158.3256
-36.7878,-158.0057
-37.012,-157.6838
-37.2351,-157.3599
-37.4574,-157.0335
-37.6784,-156.7055
-37.9184,-156.3453
-38.1372,-156.0129
-38.3549,-155.6783
-38.5715,-155.3417
-38.8066,-154.9719
-39.0209,-154.6306
-39.2341,-154.2871
-39.4461,-153.9413
-39.657,-153.5933
-39.8666,-153.2431
-40.094,-152.8584
-40.3011,-152.5034
-40.507,-152.1459
-40.7117,-151.7861
-40.915,-151.424
-41.1354,-151.0263
-41.3361,-150.6592
-41.5354,-150.2897
-41.7334,-149.9179
-41.9299,-149.5436
-42.1429,-149.1324
-42.3365,-148.753
-42.5288,-148.3711
-42.7197,-147.9866
-42.9091,-147.5997
-43.097,-147.2102
-43.3003,-146.7824
-43.4868,-146.3839
-43.6702,-145.9861
-43.852,-145.586
-44.0321,-145.1835
-44.2268,-144.7414
-44.4036,-144.3334
